parcelid,airconditioningtypeid,architecturalstyletypeid,basementsqft,bathroomcnt,bedroomcnt,buildingclasstypeid,buildingqualitytypeid,calculatedbathnbr,decktypeid,finishedfloor1squarefeet,calculatedfinishedsquarefeet,finishedsquarefeet12,finishedsquarefeet13,finishedsquarefeet15,finishedsquarefeet50,finishedsquarefeet6,fips,fireplacecnt,fullbathcnt,garagecarcnt,garagetotalsqft,hashottuborspa,heatingorsystemtypeid,latitude,longitude,lotsizesquarefeet,poolcnt,poolsizesum,pooltypeid10,pooltypeid2,pooltypeid7,propertycountylandusecode,propertylandusetypeid,propertyzoningdesc,rawcensustractandblock,regionidcity,regionidcounty,regionidneighborhood,regionidzip,roomcnt,storytypeid,threequarterbathnbr,typeconstructiontypeid,unitcnt,yardbuildingsqft17,yardbuildingsqft26,yearbuilt,numberofstories,fireplaceflag,structuretaxvaluedollarcnt,taxvaluedollarcnt,assessmentyear,landtaxvaluedollarcnt,taxamount,taxdelinquencyflag,taxdelinquencyyear,censustractandblock
12657113,,,,3.0,2.0,,7,3.0,,,1309.0,1309,,,,,06037,,3,,,,7,33713884,-118298505,5607.0,1,,,,1,0101,261,LAR1,060372975.002000,12447,3101,54300,96221,0.0,,,,1,,,1953.0,,,169317.0,643104.0,2016,473787.0,7797.19,,,60372975002000
12657282,,,,1.0,3.0,,6,1.0,,,1705.0,1705,,,,,06037,,1,,,,7,33711567,-118299000,7351.0,,,,,,0100,261,LAR1,060372975.001026,12447,3101,54300,96221,0.0,,,,1,,,1931.0,,,123904.0,385900.0,2016,261996.0,4680.72,,,60372975001026
12657328,,,,1.0,3.0,,4,1.0,,,1038.0,1038,,,,,06037,,1,,,,7,33721299,-118307976,5979.0,,,,,,0100,261,LAR1,060372975.005001,12447,3101,54300,96222,0.0,,,,1,,,1944.0,,,143239.0,461550.0,2016,318311.0,5594.77,,,60372975005001
12657428,,,,1.0,2.0,,4,1.0,,,812.0,812,,,,,06037,,1,,,,7,33720251,-118302584,5504.0,,,,,,0100,261,LAR1,060372975.005008,12447,3101,54300,96221,0.0,,,,1,,,1945.0,,,44505.0,222545.0,2016,178040.0,2679.14,,,60372975005008
12657597,,,,2.0,3.0,,4,2.0,,,1591.0,1591,,,,,06037,,2,,,,7,33719258,-118307200,5500.0,,,,,,0100,261,LAR1,060372975.005005,12447,3101,54300,96221,0.0,,,,1,,,1946.0,,,126906.0,634531.0,2016,507625.0,7622.42,,,60372975005005
12658986,,,,2.0,5.0,,6,2.0,,,1371.0,1371,,,,,06037,,2,,,,7,33340146,-118326476,1515.0,,,,,,0100,261,AVR3*,060375990.003006,3491,3101,,96207,0.0,,,,1,,,1926.0,,,37459.0,86310.0,2016,48851.0,2499.25,Y,15,60375990003006
12659814,,,,3.0,4.0,,7,3.0,,,2188.0,2188,,,,,06037,,3,,,,2,33852691,-118384281,5756.0,,,,,,010C,266,RBR-3,060376212.011007,33612,3101,,96123,0.0,,,,1,,,1993.0,,,323722.0,765007.0,2016,441285.0,9210.5,,,60376212011007
12659944,,,,9.0,9.0,,6,9.0,,,4632.0,,,4632,,,06037,,9,,,,,33854526,-118380873,5247.0,,,,,,0400,248,RBRMD,060376212.011002,33612,3101,,96123,0.0,,,,4,,,1963.0,,,545203.0,1172186.0,2016,626983.0,14223.03,,,60376212011002
12660151,,,,2.0,3.0,,8,2.0,,,2320.0,2320,,,,,06037,,2,,,,2,33852518,-118379452,4341.0,,,,,,0100,261,RBR-1,060376212.011005,33612,3101,,96123,0.0,,,,1,,,1965.0,,,133116.0,665586.0,2016,532470.0,8169.81,,,60376212011005
12660427,,,,2.0,3.0,,6,2.0,,,1361.0,1361,,,,,06037,,2,,,,2,33850103,-118378474,5922.0,1,,,,1,0104,261,RBR-1,060376212.012002,33612,3101,,96123,0.0,,,,1,,,1959.0,,,152292.0,761470.0,2016,609178.0,9136.07,,,60376212012002
12660860,,,,3.0,2.0,,7,3.0,,,1690.0,1690,,,,,06037,,3,,,,2,33846400,-118391000,22920.0,,,,,,010C,266,RBMDR*,060376212.041003,33612,3101,,96123,0.0,,,,1,,,1984.0,,,198310.0,439136.0,2016,240826.0,5224.33,,,60376212041003
12661326,,,,1.0,1.0,,3,1.0,,,528.0,528,,,,,06037,,1,,,,,33847280,-118386366,1197.0,,,,,,0100,261,RBR-3,060376212.013015,33612,3101,,96123,0.0,,,,1,,,1910.0,,,96813.0,488427.0,2016,391614.0,6085.18,,,60376212013015
12661732,,,,2.0,2.0,,4,2.0,,,1312.0,1312,,,,,06037,,2,,,,7,33844474,-118383608,5231.0,,,,,,0100,261,RBR-3,060376212.012015,33612,3101,,96123,0.0,,,,1,,,1910.0,,,66155.0,192997.0,2016,126842.0,2832.86,,,60376212012015
12661755,,,,3.0,4.0,,5,3.0,,,1630.0,,,1630,,,06037,,3,,,,7,33844313,-118382448,4815.0,,,,,,0200,246,RBR-3,060376212.012013,33612,3101,,96123,0.0,,,,2,,,1920.0,,,218278.0,1030478.0,2016,812200.0,12450.8,,,60376212012013
12662085,,,,3.0,3.0,,7,3.0,,,1929.0,1929,,,,,06037,,3,,,,2,33845485,-118378659,5981.0,,,,,,010C,266,RBR3*,060376212.012009,33612,3101,,96123,0.0,,,,1,,,1995.0,,,239427.0,789128.0,2016,549701.0,9391.93,,,60376212012009
12662161,,,,2.0,2.0,,7,2.0,,,1458.0,1458,,,,,06037,,2,,,,2,33841400,-118389000,80545.0,1,,,,1,010C,266,RBC1*,060376212.041012,33612,3101,,96123,0.0,,,,1,,,1980.0,,,232994.0,778720.0,2016,545726.0,8853.48,,,60376212041012
12662750,1,,,2.0,2.0,,7,2.0,,,1439.0,1439,,,,,06037,,2,,,,2,33839800,-118388000,16819.0,,,,,,010C,266,RBMDR*,060376213.242006,33612,3101,,96123,0.0,,,,1,,,1974.0,,,188345.0,251073.0,2016,62728.0,3181.83,,,60376213242006
12662941,,,,4.0,4.0,,4,4.0,,,2160.0,,,2160,,,06037,,4,,,,,33837660,-118385335,6048.0,,,,,,0400,248,RBR-3A,060376213.242004,33612,3101,,96123,0.0,,,,4,,,1969.0,,,217745.0,356584.0,2016,138839.0,5008.91,,,60376213242004
12663140,,,,3.0,4.0,,7,3.0,,,2262.0,2262,,,,,06037,,3,,,,2,33841474,-118378390,6427.0,,,,,,010C,266,RBR3*,060376213.011003,33612,3101,,96123,0.0,,,,1,,,1983.0,,,276519.0,350006.0,2016,73487.0,4580.15,,,60376213011003
12663186,,,,1.0,3.0,,3,1.0,,,864.0,864,,,,,06037,,1,,,,7,33841267,-118380083,5471.0,,,,,,0100,261,RBR-3,060376213.014000,33612,3101,,96123,0.0,,,,1,,,1923.0,,,58165.0,290859.0,2016,232694.0,3848.43,,,60376213014000
12663301,,,,3.0,2.0,,6,3.0,,,1494.0,1494,,,,,06037,,3,,,,2,33841700,-118383000,8961.0,,,,,,0100,261,RBR-3,060376213.014002,33612,3101,,96123,0.0,,,,1,,,1984.0,,,175973.0,559776.0,2016,383803.0,6838.5,,,60376213014002
12663438,,,,1.0,3.0,,3,1.0,,,1348.0,1348,,,,,06037,,1,,,,7,33839229,-118381037,7037.0,,,,,,0100,261,RBR-3,060376213.014007,33612,3101,,96123,0.0,,,,1,,,1920.0,,,12813.0,67053.0,2016,54240.0,1454.94,,,60376213014007
12663484,,,,4.0,5.0,,4,4.0,,,2800.0,,,2800,,,06037,,4,,,,7,33839720,-118380171,6596.0,,,,,,0200,246,RBR-3,060376213.014008,33612,3101,,96123,0.0,,,,2,,,1960.0,,,169253.0,299796.0,2016,130543.0,4366.12,,,60376213014008
12663667,,,,4.0,7.0,,4,4.0,,,2656.0,,,2656,,,06037,,4,,,,7,33840223,-118377122,6104.0,,,,,,0200,246,RBR-3,060376213.011005,33612,3101,,96123,0.0,,,,2,,,1924.0,,,156893.0,269093.0,2016,112200.0,4098.87,,,60376213011005
12663896,,,,1.0,3.0,,4,1.0,,,1192.0,1192,,,,,06037,,1,,,,7,33835692,-118377073,6973.0,,,,,,0100,261,RBR-1,060376213.011017,33612,3101,,96123,0.0,,,,1,,,1947.0,,,10000.0,1005000.0,2016,995000.0,11996.12,,,60376213011017
12664264,,,,2.0,3.0,,4,2.0,,,2631.0,2631,,,,,06037,,2,,,,2,33832611,-118380638,5599.0,,,,,,0100,261,RBR-1,060376213.013010,33612,3101,,96123,0.0,,,,1,,,1948.0,,,83209.0,875827.0,2016,792618.0,10471.64,,,60376213013010
12664625,,,,2.0,2.0,,8,2.0,,,975.0,975,,,,,06037,,2,,,,2,33832700,-118377000,147100.0,1,,,,1,010E,266,RBPDR*,060376213.012001,33612,3101,,96123,0.0,,,,1,,,1970.0,,,87520.0,196096.0,2016,108576.0,2472.02,,,60376213012001
12664763,,,,4.0,3.0,,8,4.0,,,1964.0,1964,,,,,06037,,4,,,,2,33828100,-118373000,22182.0,,,,,,010E,266,RBPDR*,060376213.011015,33612,3101,,96123,0.0,,,,1,,,1971.0,,,205614.0,660565.0,2016,454951.0,7699.7,,,60376213011015
12664809,,,,2.0,5.0,,8,2.0,,,1816.0,1816,,,,,06037,,2,,,,2,33832011,-118373574,5399.0,,,,,,0100,261,RBR-1,060376213.011012,54722,3101,416331,96123,0.0,,,,1,,,1965.0,,,71797.0,171115.0,2016,99318.0,2572.79,,,60376213011012
12665032,1,,,2.0,2.0,,9,2.0,,,1270.0,1270,,,,,06037,,2,,,,2,33829700,-118390000,19985.0,,,,,,010C,266,RBMDR*,060376213.241001,33612,3101,,96123,0.0,,,,1,,,1974.0,,,311341.0,816583.0,2016,505242.0,9491.67,,,60376213241001
12665438,1,,,3.0,3.0,,9,3.0,,,2251.0,2251,,,,,06037,,3,,,,2,33829401,-118388287,3476.0,,,,,,0100,261,RBR-3A,060376213.241002,33612,3101,,96123,0.0,,,,1,,,2002.0,,,439134.0,1187891.0,2016,748757.0,13934.91,,,60376213241002
12666164,,,,3.0,2.0,,7,3.0,,,1246.0,1246,,,,,06037,,3,,,,2,33835100,-118390000,24168.0,1,,,,1,010C,266,RBMDR*,060376213.241001,33612,3101,,96123,0.0,,,,1,,,1974.0,,,235281.0,678356.0,2016,443075.0,7943.84,,,60376213241001
12666470,,,,0.0,0.0,,,,,,,,,,,,06037,,,,,,,33826328,-118386333,5688.0,,,,,,010V,260,RBR-1,060376213.262004,33612,3101,,96123,0.0,,,,,,,,,,843000.0,1796875.0,2016,953875.0,20716.91,,,60376213262004
12666569,,,,1.0,2.0,,7,1.0,,,946.0,946,,,,,06037,,1,,,,7,33825852,-118383343,6084.0,,,,,,0100,261,RBR-3,060376214.004004,33612,3101,,96123,0.0,,,,1,,,1952.0,,,50000.0,1100000.0,2015,1050000.0,,,,60376214004004
12666630,,,,1.0,2.0,,8,1.0,,,1069.0,1069,,,,,06037,,1,,,,7,33827400,-118384000,18263.0,,,,,,010E,266,RBR3*,060376214.004003,33612,3101,,96123,0.0,,,,1,,,1968.0,,,101914.0,284325.0,2016,182411.0,3460.89,,,60376214004003
12666868,,,,3.0,4.0,,6,3.0,,,1796.0,1796,,,,,06037,,3,,,,7,33825723,-118381737,6104.0,,,,,,0100,261,RBR-1,060376214.004005,33612,3101,,96123,0.0,,,,1,,,1948.0,,,206000.0,1027000.0,2016,821000.0,12115.18,,,60376214004005
12666891,,,,2.0,3.0,,6,2.0,,,1691.0,1691,,,,,06037,,2,,,,7,33826047,-118380112,6081.0,1,,,,1,010G,261,RBR-1,060376214.004005,33612,3101,,96123,0.0,,,,1,,,1931.0,,,89000.0,447000.0,2016,358000.0,5630.79,,,60376214004005
12666991,,,,3.0,3.0,,6,3.0,,,2838.0,2838,,,,,06037,,3,,,,7,33824947,-118379358,6100.0,,,,,,0100,261,RBR-1,060376214.003001,33612,3101,,96123,0.0,,,,1,,,1943.0,,,266216.0,449977.0,2016,183761.0,5790.86,,,60376214003001
12667129,,,,1.0,3.0,,4,1.0,,,1537.0,1537,,,,,06037,,1,,,,7,33822580,-118375656,6984.0,,,,,,0100,261,RBR-1,060376214.001006,33612,3101,,96123,0.0,,,,1,,,1952.0,,,75193.0,375994.0,2016,300801.0,4992.46,,,60376214001006
12667328,,,,4.0,8.0,,6,4.0,,,3606.0,,,3606,,,06037,,4,,,,,33820200,-118384000,7386.0,,,,,,0400,248,RBRMD,060376214.001010,33612,3101,,96123,0.0,,,,4,,,1952.0,,,259665.0,895851.0,2016,636186.0,11167.25,,,60376214001010
12669475,,,,4.0,4.0,,10,4.0,,,3294.0,3294,,,,,06037,,4,,,,2,33810608,-118388325,6005.0,,,,,,010D,269,TOPR-LO,060376513.043018,33612,3101,115657,96123,0.0,,,,1,,,1996.0,,,753750.0,1310326.0,2016,556576.0,14887.96,,,60376513043018
12670244,1,,,2.0,2.0,,6,2.0,,,1568.0,1568,,,,,06037,,2,,,,2,33805142,-118377926,6889.0,,,,,,0100,261,TORR-LO,060376513.025011,33612,3101,115657,96123,0.0,,,,1,,,1948.0,,,38085.0,100606.0,2016,62521.0,1380.58,,,60376513025011
12670420,,,,2.0,3.0,,6,2.0,,,1653.0,1653,,,,,06037,,2,,,,2,33816206,-118380883,6854.0,,,,,,0100,261,TORR-LO,060376513.042003,33612,3101,115657,96123,0.0,,,,1,,,1953.0,,,94035.0,470207.0,2016,376172.0,5415.99,,,60376513042003
12671004,,,,5.0,6.0,,8,5.0,,,4092.0,4092,,,,,06037,,5,,,,2,33811602,-118382175,10596.0,,,,,,0100,261,TORR-LO,060376513.044003,33612,3101,115657,96123,0.0,,,,1,,,1951.0,,,1245000.0,1930000.0,2016,685000.0,21772.47,,,60376513044003
12671104,,,,3.0,4.0,,8,3.0,,,2742.0,2742,,,,,06037,,3,,,,2,33812215,-118384827,7819.0,,,,,,0100,261,TORR-LO,060376513.041008,33612,3101,115657,96123,0.0,,,,1,,,1953.0,,,210414.0,793761.0,2016,583347.0,9078.84,,,60376513041008
12671242,,,,1.0,4.0,,4,1.0,,,1107.0,1107,,,,,06037,,1,,,,7,33826377,-118371643,5800.0,,,,,,0100,261,TORR-LO,060376512.014003,54722,3101,416967,96163,0.0,,,,1,,,1952.0,,,92914.0,464593.0,2016,371679.0,5440.29,,,60376512014003
12671365,,,,2.0,4.0,,4,2.0,,,1179.0,1179,,,,,06037,,2,,,,7,33822498,-118372046,6482.0,,,,,,0100,261,TORR-LO,060376512.014007,54722,3101,416967,96163,0.0,,,,1,,,1952.0,,,21924.0,84445.0,2016,62521.0,1218.67,,,60376512014007
12671895,,,,2.0,3.0,,6,2.0,,,1770.0,1770,,,,,06037,,2,,,,2,33831958,-118372655,12697.0,,,,,,0100,261,TORR-LO,060376507.024000,54722,3101,416331,96161,0.0,,,,1,,,1955.0,,,61822.0,133251.0,2016,71429.0,1738.75,,,60376507024000
12671995,,,,2.0,3.0,,6,2.0,,,1155.0,1155,,,,,06037,,2,,,,7,33832011,-118368984,5674.0,,,,,,0100,261,TORR-LO,060376507.025007,54722,3101,416331,96161,0.0,,,,1,,,1955.0,,,136298.0,681501.0,2016,545203.0,7776.37,,,60376507025007
12672641,,,,2.0,3.0,,6,2.0,,,1907.0,1907,,,,,06037,,2,,,,7,33831918,-118363683,5400.0,1,,,,1,0104,261,TORR-LO,060376507.022003,54722,3101,416331,96161,0.0,,,,1,,,1955.0,,,179000.0,865000.0,2016,686000.0,9847.64,,,60376507022003
12673310,,,,1.0,3.0,,4,1.0,,,1145.0,1145,,,,,06037,,1,,,,7,33845158,-118375771,6557.0,,,,,,0100,261,RBR-3,060376212.012011,54722,3101,,96123,0.0,,,,1,,,1947.0,,,,862962.0,2016,862962.0,10352.24,,,60376212012011
12673425,1,,,3.0,4.0,,8,3.0,,,2054.0,2054,,,,,06037,,3,,,,2,33841424,-118375030,12890.0,,,,,,010C,266,RBR-3,060376213.011000,54722,3101,,96123,0.0,,,,1,,,1990.0,,,205903.0,528488.0,2016,322585.0,6328.99,,,60376213011000
12673448,,,,2.0,3.0,,8,2.0,,,1525.0,1525,,,,,06037,,2,,,,2,33839600,-118376000,24547.0,,,,,,010C,266,RBR3*,060376213.011000,33612,3101,,96123,0.0,,,,,,,1980.0,,,181631.0,353786.0,2016,172155.0,4263.62,,,60376213011000
12673755,,,,2.0,3.0,,8,2.0,,,1278.0,1278,,,,,06037,,2,,,,2,33847194,-118374592,6706.0,,,,,,0100,261,TORR-LO,060376506.031007,54722,3101,,96161,0.0,,,,1,,,1959.0,,,75575.0,485468.0,2016,409893.0,5618.97,,,60376506031007
12673855,1,,,3.0,3.0,,9,3.0,,,2679.0,2679,,,,,06037,,3,,,,2,33839226,-118373008,3701.0,,,,,,010D,269,TOPR-LO,060376506.032013,54722,3101,416332,96161,0.0,,,,1,,,1991.0,,,323414.0,723821.0,2016,400407.0,8274.77,,,60376506032013
12674007,,,,2.0,3.0,,8,2.0,,,1654.0,1654,,,,,06037,,2,,,,2,33840420,-118366979,6119.0,,,,,,0100,261,TORR-LO,060376506.032017,54722,3101,,96161,0.0,,,,1,,,1959.0,,,49267.0,123594.0,2016,74327.0,1684.3,,,60376506032017
12674107,,,,2.0,4.0,,6,2.0,,,1610.0,1610,,,,,06037,,2,,,,2,33841826,-118367864,6584.0,,,,,,0100,261,TORR-LO,060376506.032004,54722,3101,,96161,0.0,,,,1,,,1961.0,,,139483.0,456070.0,2016,316587.0,5305.07,,,60376506032004
12674207,,,,2.0,3.0,,6,2.0,,,1742.0,1742,,,,,06037,,2,,,,2,33843387,-118366451,6315.0,,,,,,0100,261,TORR-LO,060376506.031018,54722,3101,,96161,0.0,,,,1,,,1961.0,,,109647.0,820322.0,2016,710675.0,9359.71,,,60376506031018
12674437,,,,3.0,3.0,,8,3.0,,,1974.0,1974,,,,,06037,,3,,,,2,33846218,-118364291,7424.0,,,,,,0100,261,TORR-LO,060376506.031023,54722,3101,,96161,0.0,,,,1,,,1964.0,,,88961.0,197033.0,2016,108072.0,2520.45,,,60376506031023
12674651,,,,3.0,4.0,,7,3.0,,,2804.0,2804,,,,,06037,,3,,,,2,33853426,-118376068,4999.0,1,,,,1,0104,261,TORR-LO,060376505.023003,54722,3101,416333,96161,0.0,,,,1,,,1969.0,,,349550.0,640895.0,2016,291345.0,7391.44,,,60376505023003
12674958,,,,1.0,3.0,,4,1.0,,,1112.0,1112,,,,,06037,,1,,,,7,33852486,-118367601,5923.0,,,,,,0100,261,TORR-LO,060376505.023011,54722,3101,275994,96161,0.0,,,,1,,,1955.0,,,87068.0,305088.0,2016,218020.0,3589.64,,,60376505023011
12675081,,,,4.0,4.0,,8,4.0,,,2396.0,2396,,,,,06037,,4,,,,2,33850030,-118369984,6360.0,,,,,,0100,261,TORR-LO,060376505.023009,54722,3101,275994,96161,0.0,,,,1,,,1956.0,,,166480.0,553028.0,2016,386548.0,6403.22,,,60376505023009
12675181,,,,3.0,4.0,,6,3.0,,,2476.0,2476,,,,,06037,,3,,,,7,33848851,-118368475,6360.0,,,,,,0100,261,TORR-LO,060376505.023008,54722,3101,275994,96161,0.0,,,,1,,,1956.0,,,185114.0,631303.0,2016,446189.0,7354.99,,,60376505023008
12675281,,,,4.0,4.0,,8,4.0,,,2284.0,2284,,,,,06037,,4,,,,2,33851544,-118375179,5001.0,1,,,,1,0101,261,TORR-LO,060376505.023007,54722,3101,416333,96161,0.0,,,,1,,,1969.0,,,336096.0,709540.0,2016,373444.0,8132.84,,,60376505023007
12675527,,,,2.0,5.0,,6,2.0,,,1558.0,1558,,,,,06037,,2,,,,7,33854529,-118365841,5293.0,,,,,,0100,261,TORR-LO,060376505.021009,54722,3101,275994,96161,0.0,,,,1,,,1955.0,,,83469.0,261478.0,2016,178009.0,3120.22,,,60376505021009
12675673,,,,4.0,5.0,,7,4.0,,,2676.0,2676,,,,,06037,,4,,,,2,33854466,-118364268,5513.0,,,,,,0100,261,TORR-LO,060376505.021003,54722,3101,275994,96161,0.0,,,,1,,,2007.0,,,351999.0,861238.0,2016,509239.0,9838.88,,,60376505021003
12675796,,,,2.0,3.0,,8,2.0,,,1798.0,1798,,,,,06037,,2,,,,2,33849408,-118365785,5578.0,,,,,,0100,261,TORR-LO,060376505.022002,54722,3101,275994,96161,0.0,,,,1,,,1974.0,,,135207.0,676047.0,2016,540840.0,7819.7,,,60376505022002
12675919,,,,2.0,3.0,,6,2.0,,,1653.0,1653,,,,,06037,,2,,,,7,33848852,-118364438,6361.0,,,,,,0100,261,TORR-LO,060376505.022006,54722,3101,275994,96161,0.0,,,,1,,,1955.0,,,142904.0,399986.0,2016,257082.0,4669.65,,,60376505022006
12675965,,,,1.0,3.0,,4,1.0,,,1112.0,1112,,,,,06037,,1,,,,7,33857956,-118356910,6956.0,,,,,,0100,261,TORR-LO,060376505.013007,54722,3101,275994,96161,0.0,,,,1,,,1954.0,,,84099.0,272501.0,2016,188402.0,3231.7,,,60376505013007
12676088,,,,2.0,3.0,,6,2.0,,,2090.0,2090,,,,,06037,,2,,,,2,33856165,-118362228,5201.0,,,,,,0100,261,TORR-LO,060376505.013014,54722,3101,275994,96161,0.0,,,,1,,,1954.0,,,120807.0,180428.0,2016,59621.0,2318.85,,,60376505013014
12676188,,,,3.0,4.0,,8,3.0,,,2391.0,2391,,,,,06037,,3,,,,7,33856094,-118359691,5598.0,,,,,,0100,261,TORR-LO,060376505.013012,54722,3101,275994,96161,0.0,,,,1,,,1954.0,,,177446.0,443629.0,2016,266183.0,5182.19,,,60376505013012
12676288,,,,1.0,3.0,,4,1.0,,,1120.0,1120,,,,,06037,,1,,,,7,33855205,-118353444,5395.0,,,,,,0100,261,TORR-LO,060376505.012000,54722,3101,,96161,0.0,,,,1,,,1954.0,,,23792.0,86110.0,2016,62318.0,1229.68,,,60376505012000
12676388,1,,,3.0,4.0,,7,3.0,,,2429.0,2429,,,,,06037,,3,,,,2,33853361,-118358785,5149.0,,,,,,0100,261,TOPR-LO,060376505.012006,54722,3101,275994,96161,0.0,,,,1,,,1986.0,,,244904.0,459299.0,2016,214395.0,5356.86,,,60376505012006
12676780,,,,1.0,3.0,,4,1.0,,,1674.0,1674,,,,,06037,,1,,,,7,33849988,-118354301,5724.0,,,,,,0100,261,TORR-LO,060376505.011008,54722,3101,275994,96161,0.0,,,,1,,,1955.0,,,38495.0,101434.0,2016,62939.0,1347.25,,,60376505011008
12676880,,,,3.0,5.0,,6,3.0,,,2258.0,2258,,,,,06037,,3,,,,2,33851117,-118357309,5386.0,1,,,,1,0101,261,TORR-LO,060376505.011010,54722,3101,275994,96161,0.0,,,,1,,,1955.0,,,123904.0,196144.0,2016,72240.0,2424.09,,,60376505011010
12677026,,,,3.0,5.0,,8,3.0,,,2232.0,2232,,,,,06037,,3,,,,2,33845178,-118347098,6036.0,1,,,,1,0101,261,TORR-LO,060376506.051001,54722,3101,416336,96161,0.0,,,,1,,,1964.0,,,130652.0,567799.0,2016,437147.0,6558.65,,,60376506051001
12677216,,,,3.0,2.0,,8,3.0,,,1134.0,1134,,,,,06037,,3,,,,2,33847900,-118362000,35350.0,,,,,,010C,266,TORR-MH,060376506.023007,54722,3101,,96161,0.0,,,,1,,,1981.0,,,156866.0,296464.0,2016,139598.0,3510.69,,,60376506023007
12677307,,,,3.0,3.0,,7,3.0,,,2183.0,2183,,,,,06037,,3,,,,2,33841461,-118359909,131486.0,,,,,,010C,266,TORR-LM,060376506.023016,54722,3101,,96161,0.0,,,,1,,,1982.0,,,270700.0,679900.0,2016,409200.0,7835.17,,,60376506023016
12678018,,,,3.0,3.0,,6,3.0,,,2135.0,2135,,,,,06037,,3,,,,2,33842392,-118355814,6268.0,,,,,,0100,261,TORR-LO,060376506.021001,54722,3101,,96161,0.0,,,,1,,,1958.0,,,153020.0,304033.0,2016,151013.0,3634.31,,,60376506021001
12678209,,,,3.0,4.0,,8,3.0,,,1670.0,1670,,,,,06037,,3,,,,,33848129,-118345675,141977.0,1,,,,1,010C,266,TORR-MD,060376506.051001,54722,3101,416336,96161,0.0,,,,1,,,1974.0,,,234421.0,590875.0,2016,356454.0,6731.59,,,60376506051001
12678278,,,,3.0,5.0,,8,3.0,,,2232.0,2232,,,,,06037,,3,,,,2,33847933,-118350167,7487.0,,,,,,0100,261,TORR-LO,060376506.051003,54722,3101,416336,96161,0.0,,,,1,,,1964.0,,,67493.0,126080.0,2016,58587.0,1653.45,,,60376506051003
12678742,,,,2.0,3.0,,6,2.0,,,1434.0,1434,,,,,06037,,2,,,,7,33835615,-118357164,5400.0,,,,,,0100,261,TORR-LO,060376507.011002,54722,3101,416331,96161,0.0,,,,1,,,1956.0,,,150257.0,751285.0,2016,601028.0,8562.91,,,60376507011002
12678842,,,,2.0,3.0,,6,2.0,,,1509.0,1509,,,,,06037,,2,,,,7,33833021,-118357151,5701.0,,,,,,0100,261,TORR-LO,060376507.012019,54722,3101,416331,96161,0.0,,,,1,,,1956.0,,,102504.0,507156.0,2016,404652.0,5930.25,,,60376507012019
12678988,,,,2.0,3.0,,6,2.0,,,1140.0,1140,,,,,06037,,2,,,,7,33826132,-118365892,6008.0,,,,,,0100,261,TORR-LO,060376512.015001,54722,3101,416967,96163,0.0,,,,1,,,1952.0,,,42440.0,626010.0,2016,583570.0,7159.97,,,60376512015001
12679334,,,,2.0,4.0,,6,2.0,,,1584.0,1584,,,,,06037,,2,,,,7,33822315,-118359579,5180.0,,,,,,0100,261,TORR-LO,060376512.011004,54722,3101,416330,96163,0.0,,,,1,,,1953.0,,,42228.0,104749.0,2016,62521.0,1377.86,,,60376512011004
12679457,,,,3.0,4.0,,6,3.0,,,1844.0,1844,,,,,06037,,3,,,,7,33823249,-118366433,8170.0,,,,,,0100,261,TORR-LO,060376512.015009,54722,3101,416967,96163,0.0,,,,1,,,1954.0,,,115021.0,225684.0,2016,110663.0,2747.91,,,60376512015009
12679557,,,,2.0,2.0,,4,2.0,,,1349.0,1349,,,,,06037,,2,,,,7,33820274,-118366130,9280.0,,,,,,0100,261,TORR-LO,060376512.015012,54722,3101,416967,96163,0.0,,,,1,,,1949.0,,,77656.0,165622.0,2016,87966.0,2063.82,,,60376512015012
12679807,,,,3.0,2.0,,8,3.0,,,1685.0,1685,,,,,06037,,3,,,,2,33823066,-118355271,35162.0,1,,,,1,010C,266,TORR-MD,060376512.211011,54722,3101,416330,96163,0.0,,,,1,,,1981.0,,,171700.0,269751.0,2016,98051.0,3157.32,,,60376512211011
12680030,,,,3.0,4.0,,8,3.0,,,2330.0,2330,,,,,06037,,3,,,,2,33816917,-118354104,6017.0,,,,,,0100,261,TORR-LO,060376512.222003,54722,3101,416330,96163,0.0,,,,1,,,1964.0,,,75571.0,142651.0,2016,67080.0,1834.66,,,60376512222003
12680153,,,,4.0,5.0,,7,4.0,,,3200.0,3200,,,,,06037,,4,,,,2,33815852,-118355875,7031.0,,,,,,0100,261,TORR-LO,060376512.221000,54722,3101,416330,96163,0.0,,,,1,,,1961.0,,,305300.0,1035000.0,2016,729700.0,11805.03,,,60376512221000
12680253,,,,2.0,3.0,,8,2.0,,,1536.0,1536,,,,,06037,,2,,,,2,33818006,-118357223,6050.0,,,,,,0100,261,TORR-LO,060376512.222004,54722,3101,416330,96163,0.0,,,,1,,,1960.0,,,130507.0,652538.0,2016,522031.0,7549.86,,,60376512222004
12680468,,,,2.0,4.0,,8,2.0,,,1890.0,1890,,,,,06037,,2,,,,2,33814022,-118358750,9122.0,,,,,,0100,261,TORR-LO,060376512.221011,54722,3101,416330,96163,0.0,,,,1,,,1960.0,,,112392.0,561974.0,2016,449582.0,6571.28,,,60376512221011
12680843,,,,3.0,6.0,,8,3.0,,,3128.0,3128,,,,,06037,,3,,,,2,33819660,-118362384,19202.0,,,,,,0100,261,TORR-LO,060376512.015014,54722,3101,416967,96163,0.0,,,,1,,,1955.0,,,261182.0,337708.0,2016,76526.0,4078.17,,,60376512015014
12680943,,,,3.0,4.0,,9,3.0,,,2933.0,2933,,,,,06037,,3,,,,2,33817768,-118366790,8827.0,,,,,,0100,261,TORR-LO,060376512.012000,54722,3101,416967,96163,0.0,,,,1,,,1998.0,,,425041.0,860581.0,2016,435540.0,9858.15,,,60376512012000
12681089,,,,3.0,5.0,,8,3.0,,,2248.0,2248,,,,,06037,,3,,,,2,33818202,-118362809,6545.0,,,,,,0100,261,TORR-LO,060376512.012009,54722,3101,416967,96163,0.0,,,,1,,,1955.0,,,396312.0,1012568.0,2016,616256.0,11521.63,,,60376512012009
12681304,,,,1.0,3.0,,6,1.0,,,1140.0,1140,,,,,06037,,1,,,,7,33818918,-118360891,6467.0,,,,,,0100,261,TORR-LO,060376512.011010,54722,3101,416967,96163,0.0,,,,1,,,1954.0,,,140400.0,701900.0,2016,561500.0,8084.22,,,60376512011010
12681527,,,,2.0,3.0,,6,2.0,,,1287.0,1287,,,,,06037,,2,,,,2,33812193,-118367570,5952.0,1,,,,1,0101,261,TORR-LO,060376513.021000,54722,3101,416330,96163,0.0,,,,1,,,1953.0,,,110518.0,270321.0,2016,159803.0,3210.39,,,60376513021000
12681865,,,,2.0,3.0,,6,2.0,,,1124.0,1124,,,,,06037,,2,,,,7,33809240,-118365805,5568.0,,,,,,0100,261,TORR-LO,060376513.021003,54722,3101,115657,96163,0.0,,,,1,,,1953.0,,,130049.0,642308.0,2016,512259.0,7338.52,,,60376513021003
12682003,,,,2.0,3.0,,8,2.0,,,1468.0,1468,,,,,06037,,2,,,,2,33808025,-118367783,12401.0,,,,,,0100,261,TORR-LO,060376513.022000,54722,3101,,96163,0.0,,,,1,,,1956.0,,,44091.0,118214.0,2016,74123.0,1633.78,,,60376513022000
12682103,,,,3.0,4.0,,8,3.0,,,2821.0,2821,,,,,06037,,3,,,,2,33806236,-118369230,9632.0,,,,,,0100,261,TORR-LO,060376513.023002,54722,3101,,96163,0.0,,,,1,,,1956.0,,,119141.0,183523.0,2016,64382.0,2326.86,,,60376513023002
12682203,,,,2.0,3.0,,8,2.0,,,1553.0,1553,,,,,06037,,2,,,,2,33804799,-118371069,7130.0,,,,,,0100,261,TORR-LO,060376513.023003,54722,3101,115657,96163,0.0,,,,1,,,1955.0,,,45334.0,109716.0,2016,64382.0,1518.55,,,60376513023003
12682905,,,,2.0,3.0,,4,2.0,,,1468.0,,,1468,,,06037,,2,,,,,33800663,-118348708,5078.0,,,,,,0200,246,TORR-LM,060376514.022035,54722,3101,118825,96163,0.0,,,,2,,,1934.0,,,83605.0,399326.0,2016,315721.0,4670.27,,,60376514022035
12684025,,,,3.0,4.0,,8,3.0,,,3354.0,3354,,,,,06037,,3,,,,2,33787508,-118336680,7190.0,,,,,,0100,261,TORR-LO,060376514.012000,54722,3101,416329,96163,0.0,,,,1,,,1954.0,,,132600.0,1020000.0,2016,887400.0,11641.41,,,60376514012000
12684271,,,,2.0,3.0,,6,2.0,,,1214.0,1214,,,,,06037,,2,,,,7,33785049,-118334851,6419.0,,,,,,0100,261,TORR-LO,060376514.012012,54722,3101,416329,96163,0.0,,,,1,,,1955.0,,,136483.0,682416.0,2016,545933.0,7789.97,,,60376514012012
12684517,,,,3.0,3.0,,6,3.0,,,1692.0,1692,,,,,06037,,3,,,,2,33790943,-118332693,6921.0,,,,,,0100,261,TORR-LO,060376514.011010,54722,3101,416329,96163,0.0,,,,1,,,1953.0,,,102168.0,344954.0,2016,242786.0,4061.85,,,60376514011010
12685047,,,,3.0,3.0,,8,3.0,,,1847.0,1847,,,,,06037,,3,,,,2,33797963,-118363672,7263.0,,,,,,0100,261,PVR1YY,060376703.241005,33311,3101,,96121,0.0,,,,1,,,1954.0,,,60449.0,135399.0,2016,74950.0,2795.14,,,60376703241005
12685623,,,,2.0,3.0,,8,2.0,,,2051.0,2051,,,,,06037,,2,,,,2,33801120,-118367410,7171.0,,,,,,0100,261,PVR1*,060376703.241009,33311,3101,,96121,0.0,,,,1,,,1952.0,,,192897.0,964487.0,2016,771590.0,11701.77,,,60376703241009
12685669,,,,3.0,5.0,,7,3.0,,,2653.0,2653,,,,,06037,,3,,,,2,33800283,-118365728,6909.0,,,,,,0100,261,PVR1*,060376703.241009,33311,3101,,96121,0.0,,,,1,,,1952.0,,,290066.0,800366.0,2016,510300.0,10020.82,,,60376703241009
12685989,,,,2.0,2.0,,8,2.0,,,1294.0,1294,,,,,06037,,2,,,,2,33800000,-118388000,16722.0,,,,,,010C,266,PVRM*,060376703.244019,33311,3101,,96121,0.0,,,,1,,,1971.0,,,170966.0,585076.0,2016,414110.0,7429.45,,,60376703244019
12686035,,,,2.0,3.0,,7,2.0,,,1869.0,1869,,,,,06037,,2,,,,2,33799748,-118384640,9262.0,,,,,,0100,261,PVR1*,060376703.244019,33311,3101,,96121,0.0,,,,1,,,1958.0,,,68320.0,157148.0,2016,88828.0,3015.88,,,60376703244019
12686602,,,,5.0,5.0,,9,5.0,,,3992.0,3992,,,,,06037,,5,,,,2,33795548,-118395589,8560.0,1,,,,1,0104,261,PVR1*,060376703.243018,33311,3101,,96121,0.0,,,,1,,,1928.0,,,283840.0,373080.0,2016,89240.0,5796.31,,,60376703243018
12686824,,,,3.0,4.0,,9,3.0,,,2617.0,2617,,,,,06037,,3,,,,2,33783076,-118416971,9509.0,,,,,,0100,261,PVR1YY,060376703.263012,33311,3101,,96121,0.0,,,,1,,,1967.0,,,250686.0,993228.0,2016,742542.0,12074.03,,,60376703263012
12687131,,,,2.0,3.0,,7,2.0,,,1762.0,1762,,,,,06037,,2,,,,2,33781397,-118408775,11217.0,,,,,,0100,261,PVR1*,060376703.262000,33311,3101,,96121,0.0,,,,1,,,1957.0,,,140245.0,279329.0,2016,139084.0,3906.32,,,60376703262000
12687392,,,,2.0,4.0,,9,2.0,,,2620.0,2620,,,,,06037,,2,,,,2,33776950,-118420074,10882.0,,,,,,0100,261,PVR1*,060376703.281005,33311,3101,,96121,0.0,,,,1,,,1969.0,,,308664.0,1543336.0,2016,1234672.0,17925.97,,,60376703281005
12687415,1,,,8.0,7.0,,,8.0,,,7315.0,7315,,,,,06037,,8,,,,2,33779940,-118420722,23256.0,1,,,,1,0101,261,PVR1*,060376703.281003,33311,3101,,96121,0.0,,,,1,,,2002.0,,,2370705.0,5314446.0,2016,2943741.0,59101.52,,,60376703281003
12687461,,,,2.0,3.0,,8,2.0,,,1584.0,1584,,,,,06037,,2,,,,2,33773896,-118421221,10231.0,,,,,,0100,261,PVR1YY,060376703.281015,33311,3101,,96121,0.0,,,,1,,,1951.0,,,247991.0,1239959.0,2016,991968.0,14535.77,,,60376703281015
12687576,,,,2.0,3.0,,7,2.0,,,1619.0,1619,,,,,06037,,2,,,,2,33773900,-118417000,10667.0,,,,,,010C,266,PVRM*,060376703.281009,33311,3101,,96121,0.0,,,,1,,,1976.0,,,214463.0,578953.0,2016,364490.0,7442.7,,,60376703281009
12687622,,,,2.0,2.0,,8,2.0,,,1544.0,1544,,,,,06037,,2,,,,2,33772090,-118418503,10465.0,,,,,,0100,261,PVR1*,060376703.282020,33311,3101,,96121,0.0,,,,1,,,1953.0,,,99096.0,211421.0,2016,112325.0,3522.28,,,60376703282020
12687768,,,,5.0,3.0,,7,5.0,,,2828.0,2828,,,,,06037,,5,,,,2,33767698,-118418714,20011.0,1,,,,1,0101,261,PVR1*,060376703.282010,33311,3101,,96121,0.0,,,,1,,,1963.0,,,786514.0,2868081.0,2016,2081567.0,32144.44,,,60376703282010
12689241,,,,4.0,4.0,,9,4.0,,,3085.0,3085,,,,,06037,,4,,,,2,33789490,-118392990,29060.0,,,,,,0100,261,PVR1*,060376703.261005,33311,3101,,96121,0.0,,,,1,,,1973.0,,,299667.0,803719.0,2016,504052.0,10270.95,,,60376703261005
12689555,,,,2.0,3.0,,7,2.0,,,1725.0,1725,,,,,06037,,2,,,,2,33790853,-118392521,11401.0,,,,,,0100,261,PVR1*,060376703.261004,33311,3101,,96121,0.0,,,,1,,,1950.0,,,255800.0,1280000.0,2016,1024200.0,14998.91,,,60376703261004
12689624,,,,3.0,4.0,,7,3.0,,,1992.0,1992,,,,,06037,,3,,,,2,33791592,-118389390,5849.0,,,,,,0100,261,PVR1YY,060376703.261003,33311,3101,,96121,0.0,,,,1,,,1960.0,,,81786.0,146723.0,2016,64937.0,2992.09,,,60376703261003
12690192,,,,2.0,3.0,,6,2.0,,,1312.0,1312,,,,,06037,,2,,,,2,33791792,-118374144,9492.0,,,,,,0100,261,RPRS8000*,060376704.112000,54053,3101,,96122,0.0,,,,1,,,1956.0,,,154910.0,774556.0,2016,619646.0,8955.64,,,60376704112000
12690315,,,,3.0,4.0,,8,3.0,,,2769.0,2769,,,,,06037,,3,,,,2,33791070,-118374738,7342.0,,,,,,0100,261,RPRS8000*,060376704.112000,54053,3101,,96122,0.0,,,,1,,,1956.0,,,310103.0,1550524.0,2016,1240421.0,17258.29,,,60376704112000
12690361,1,,,2.0,3.0,,8,2.0,,,1912.0,1912,,,,,06037,,2,,,,2,33792195,-118378073,7087.0,,,,,,0100,261,RPRS8000*,060376704.112000,54053,3101,,96122,0.0,,,,1,,,1961.0,,,62221.0,126603.0,2016,64382.0,1684.15,,,60376704112000
12690682,,,,3.0,5.0,,7,3.0,,,2876.0,2876,,,,,06037,,3,,,,2,33793700,-118344559,6009.0,,,,,,0100,261,TORR-LO,060376514.023001,54722,3101,416966,96163,0.0,,,,1,,,1975.0,,,147728.0,209017.0,2016,61289.0,2595.98,,,60376514023001
12690805,,,,3.0,4.0,,7,3.0,,,2178.0,2178,,,,,06037,,3,,,,2,33789595,-118338421,6932.0,,,,,,0100,261,TORR-LO,060376514.023017,54722,3101,416329,96163,0.0,,,,1,,,1976.0,,,192966.0,598248.0,2016,405282.0,6978.09,,,60376514023017
12691151,,,,4.0,5.0,,7,4.0,,,2672.0,2672,,,,,06037,,4,,,,2,33793017,-118344739,6238.0,,,,,,0100,261,TORR-LO,060376514.023011,54722,3101,416966,96163,0.0,,,,1,,,1976.0,,,395851.0,784232.0,2016,388381.0,8985.74,,,60376514023011
12691602,1,,,3.0,4.0,,9,3.0,,,3337.0,3337,,,,,06037,,3,,,,2,33781923,-118349045,18862.0,1,,,,1,0101,261,RERA20000*,060376702.011001,33727,3101,,96121,0.0,,,,1,,,1970.0,,,216597.0,354446.0,2016,137849.0,4682.71,,,60376702011001
12691740,,,,1.0,1.0,,8,1.0,,,659.0,659,,,,,06037,,1,,,,7,33785200,-118342000,433845.0,1,,,,1,010E,266,LCR3*,060376702.012012,,3101,,96121,0.0,,,,1,,,1973.0,,,91967.0,194666.0,2016,102699.0,2775.12,,,60376702012012
12691840,,,,1.0,1.0,,8,1.0,,,659.0,659,,,,,06037,,1,,,,7,33785200,-118342000,433845.0,1,,,,1,010E,266,LCR3*,060376702.012012,,3101,,96121,0.0,,,,1,,,1973.0,,,128361.0,253457.0,2016,125096.0,3399.86,,,60376702012012
12692063,,,,2.0,3.0,,4,2.0,,,1339.0,1339,,,,,06037,,2,,,,7,33784521,-118313043,7627.0,,,,,,0100,261,LOR1*,060376701.003011,53027,3101,,96217,0.0,,,,1,,,1929.0,,,151697.0,621749.0,2016,470052.0,7724.27,,,60376701003011
12692232,,,,2.0,3.0,,8,2.0,,,2169.0,2169,,,,,06037,,2,,,,2,33782110,-118312038,11245.0,,,,,,0100,261,LOA1*,060376701.003009,53027,3101,,96217,0.0,,,,1,,,1973.0,,,129831.0,486873.0,2016,357042.0,6097.86,,,60376701003009
12692347,,,,3.0,5.0,,8,3.0,,,2455.0,2455,,,,,06037,,3,,,,2,33781018,-118312119,7546.0,1,,,,1,0101,261,LOR17000*,060376701.003010,53027,3101,,96217,0.0,,,,1,,,1968.0,,,93928.0,172887.0,2016,78959.0,2490.54,,,60376701003010
12692470,,,,3.0,4.0,,8,3.0,,,2406.0,2406,,,,,06037,,3,,,,2,33778860,-118315056,7648.0,1,,,,1,0101,261,LOR17000*,060376701.003013,53027,3101,,96217,0.0,,,,1,,,1967.0,,,66047.0,127325.0,2016,61278.0,1954.9,,,60376701003013
12692985,1,,,2.0,2.0,,8,2.0,,,1035.0,1035,,,,,06037,,2,,,,2,33757500,-118313000,114469.0,,,,,,010C,266,RPRS-4*,060376707.012013,54053,3101,,96122,0.0,,,,1,,,1979.0,,,178462.0,335496.0,2016,157034.0,4278.3,,,60376707012013
12693108,,,,2.0,3.0,,6,2.0,,,1598.0,1598,,,,,06037,,2,,,,2,33756567,-118313373,7810.0,,,,,,0100,261,RPRS-4*,060376707.013003,54053,3101,,96122,0.0,,,,1,,,1955.0,,,70844.0,136317.0,2016,65473.0,1938.75,,,60376707013003
12693469,,,,3.0,5.0,,9,3.0,,,3937.0,3937,,,,,06037,,3,,,,2,33782934,-118337320,27976.0,1,,,,1,0101,261,RERA2L,060376702.012006,33727,3101,,96121,0.0,,,,,,,1960.0,,,106103.0,2069026.0,2016,1962923.0,22932.3,Y,14,60376702012006
12693675,,,,3.0,6.0,,8,3.0,,,3302.0,3302,,,,,06037,,3,,,,2,33776504,-118327312,15530.0,1,,,,1,0101,261,RERA2L,060376702.012006,33727,3101,,96121,0.0,,,,1,,,1952.0,,,345565.0,1100440.0,2016,754875.0,12532.61,,,60376702012006
12693767,,,,3.0,5.0,,7,3.0,,,2784.0,2784,,,,,06037,,3,,,,2,33780171,-118324375,15565.0,1,,,,1,0101,261,REA*,060376702.012006,33727,3101,,96121,0.0,,,,1,,,1971.0,,,132730.0,208714.0,2016,75984.0,3109.44,,,60376702012006
12693867,,,,3.0,4.0,,7,3.0,,,3206.0,3206,,,,,06037,,3,,,,2,33776864,-118317628,9799.0,,,,,,0100,261,RERA20000*,060376702.012003,33727,3101,,96121,0.0,,,,1,,,1960.0,,,292403.0,1271175.0,2016,978772.0,14357.22,,,60376702012003
12694343,,,,2.0,4.0,,8,2.0,,,1864.0,1864,,,,,06037,,2,,,,2,33767209,-118315321,7618.0,,,,,,0100,261,RPRS-4*,060376707.011016,54053,3101,,96122,0.0,,,,1,,,1959.0,,,76607.0,123801.0,2016,47194.0,1886.11,Y,15,60376707011016
12694466,,,,2.0,4.0,,8,2.0,,,1746.0,1746,,,,,06037,,2,,,,2,33763989,-118314186,6218.0,,,,,,0100,261,RPRS-4*,060376707.012005,54053,3101,,96122,0.0,,,,1,,,1959.0,,,247619.0,878190.0,2016,630571.0,10623.72,,,60376707012005
12694596,1,,,4.0,4.0,,6,4.0,,,2700.0,,,2700,,,06037,,4,,,,2,33788259,-118320600,7817.0,,,,,,0300,247,LOR1-RVD15,060376701.001003,53027,3101,,96217,0.0,,,,3,,,1931.0,,,60149.0,104858.0,2016,44709.0,1935.94,,,60376701001003
12694703,,,,1.0,2.0,,6,1.0,,,812.0,812,,,,,06037,,1,,,,7,33787300,-118321000,59280.0,,,,,,010C,266,LORVD1200*,060376701.001003,53027,3101,,96217,0.0,,,,1,,,1973.0,,,66557.0,185604.0,2016,119047.0,2444.66,,,60376701001003
12694993,,,,2.0,2.0,,6,2.0,,,950.0,950,,,,,06037,,2,,,,7,33788300,-118318000,60890.0,1,,,,1,010C,266,LORVD1500*,060376701.001001,53027,3101,,96217,0.0,,,,1,,,1976.0,,,99000.0,316000.0,2016,217000.0,3978.68,,,60376701001001
12695360,,,,1.0,2.0,,4,1.0,,,884.0,884,,,,,06037,,1,,,,7,33787188,-118310200,18328.0,,,,,,0100,261,LOR1*,060376701.004008,53027,3101,,96217,0.0,,,,1,,,1939.0,,,238583.0,746208.0,2016,507625.0,9194.26,,,60376701004008
12695743,,,,4.0,4.0,,8,4.0,,,2008.0,2008,,,,,06037,,4,,,,2,33767072,-118319371,12630.0,1,,,,1,0101,261,RERA20000H,060376707.021004,33727,3101,,96121,0.0,,,,1,,,1956.0,,,149747.0,748751.0,2016,599004.0,8732.04,,,60376707021004
12695843,,,,3.0,4.0,,7,3.0,,,2617.0,2617,,,,,06037,,3,,,,2,33766610,-118323793,20813.0,1,,,,1,0101,261,RPRS20000&,060376707.021016,54053,3101,,96122,0.0,,,,1,,,1962.0,,,145402.0,221928.0,2016,76526.0,2984.73,,,60376707021016
12696227,,,,3.0,4.0,,7,3.0,,,2521.0,2521,,,,,06037,,3,,,,2,33756807,-118320169,15515.0,1,,,,1,0101,261,RPRS20000&,060376707.022000,54053,3101,,96122,0.0,,,,1,,,1960.0,,,363663.0,1156281.0,2016,792618.0,12981.46,,,60376707022000
12696365,1,,,1.0,3.0,,4,1.0,,,1516.0,1516,,,,,06037,,1,,,,2,33753827,-118312342,5688.0,,,,,,0100,261,RPRS-4*,060376707.013005,54053,3101,,96122,0.0,,,,1,,,1950.0,,,131512.0,657562.0,2016,526050.0,8110.42,,,60376707013005
12697301,1,,,3.0,3.0,,9,3.0,,,3165.0,3165,,,,,06037,,3,,,,2,33739039,-118330847,12491.0,,,,,,0101,261,RPRS13000*,060376706.021030,54053,3101,,96122,0.0,,,,1,,,1996.0,,,452461.0,583591.0,2016,131130.0,7114.59,,,60376706021030
12697401,,,,3.0,3.0,,8,3.0,,,3028.0,3028,,,,,06037,,3,,,,2,33737303,-118336208,20499.0,,,,,,0100,261,RPRS13000*,060376706.021028,54053,3101,,96122,0.0,,,,1,,,1961.0,,,231405.0,375848.0,2016,144443.0,4439.05,,,60376706021028
12697747,,,,2.0,3.0,,6,2.0,,,1242.0,1242,,,,,06037,,2,,,,2,33746113,-118310235,7078.0,,,,,,0100,261,LAR1,060372964.012001,12447,3101,54300,96222,0.0,,,,1,,,1955.0,,,107658.0,538312.0,2016,430654.0,6474.74,,,60372964012001
12697847,,,,2.0,3.0,,8,2.0,,,1894.0,1894,,,,,06037,,2,,,,2,33745856,-118315918,6608.0,,,,,,0100,261,LAR1,060372964.012004,12447,3101,54300,96222,0.0,,,,1,,,1955.0,,,160002.0,466484.0,2016,306482.0,5642.13,,,60372964012004
12698170,,,,1.0,1.0,,6,1.0,,,792.0,792,,,,,06037,,1,,,,7,33741700,-118318000,311190.0,1,,,,1,010C,266,LARD1.5,060372964.011008,12447,3101,54300,96222,0.0,,,,1,,,1971.0,,,75246.0,100312.0,2016,25066.0,1205.77,,,60372964011008
12698293,,,,3.0,5.0,,6,3.0,,,1860.0,1860,,,,,06037,,3,,,,2,33739897,-118312293,14300.0,,,,,,0100,261,LAR1,060372964.011008,12447,3101,54300,96222,0.0,,,,1,,,1955.0,,,63143.0,115308.0,2016,52165.0,1605.49,,,60372964011008
12698539,,,,3.0,3.0,,8,3.0,,,2060.0,2060,,,,,06037,,3,,,,2,33741453,-118310541,6881.0,,,,,,0100,261,LAR1,060372964.011010,12447,3101,54300,96222,0.0,,,,1,,,1974.0,,,123951.0,426489.0,2016,302538.0,5311.44,,,60372964011010
12699231,,,,3.0,4.0,,6,3.0,,,2229.0,2229,,,,,06037,,3,,,,2,33734077,-118313542,6921.0,1,,,,1,0104,261,LAR1,060372970.001004,12447,3101,54300,96222,0.0,,,,1,,,1950.0,,,78220.0,125004.0,2016,46784.0,1657.02,,,60372970001004
12699407,,,,3.0,4.0,,7,3.0,,,2792.0,2792,,,,,06037,,3,,,,2,33749473,-118322456,8345.0,1,,,,1,0100,261,RPRS13000*,060376707.023001,54053,3101,,96122,0.0,,,,1,,,1938.0,,,198326.0,853120.0,2016,654794.0,9983.91,,,60376707023001
12699706,1,,,4.0,4.0,,9,4.0,,,3640.0,3640,,,,,06037,,4,,,,2,33739645,-118318249,11234.0,1,,,,1,0100,261,RPRS20000*,060376707.023018,12447,3101,54300,96122,0.0,,,,1,,,1958.0,,,326452.0,1060731.0,2016,734279.0,12203.4,,,60376707023018
12699729,,,,4.0,2.0,,7,4.0,,,2071.0,2071,,,,,06037,,4,,,,2,33736605,-118321277,18000.0,,,,,,0100,261,RPRS20000*,060376707.023018,54053,3101,,96122,0.0,,,,1,,,1959.0,,,299585.0,813589.0,2016,514004.0,9449.34,,,60376707023018
12699852,,,,3.0,4.0,,7,3.0,,,2836.0,2836,,,,,06037,,3,,,,2,33736273,-118329300,27253.0,1,,,,1,0101,261,RPRS20000-,060376707.024009,54053,3101,,96122,0.0,,,,1,,,1958.0,,,570060.0,1501523.0,2016,931463.0,16869.19,,,60376707024009
12700044,,,,2.0,4.0,,8,2.0,,,1910.0,1910,,,,,06037,,2,,,,2,33724830,-118315975,7668.0,,,,,,0100,261,LAR1,060372974.001006,12447,3101,54300,96222,0.0,,,,1,,,1960.0,,,68943.0,110759.0,2016,41816.0,1563.99,,,60372974001006
12700190,,,,4.0,4.0,,9,4.0,,,3655.0,3655,,,,,06037,,4,,,,2,33728116,-118313104,6817.0,,,,,,0100,261,LAR1,060372974.001003,12447,3101,54300,96222,0.0,,,,1,,,1993.0,,,404461.0,957165.0,2016,552704.0,11786.85,,,60372974001003
12700459,1,,,3.0,3.0,,8,3.0,,,2348.0,2348,,,,,06037,,3,,,,2,33726720,-118320303,6997.0,,,,,,0100,261,LAR1,060372974.003016,12447,3101,54300,96222,0.0,,,,1,,,1961.0,,,222385.0,414315.0,2016,191930.0,5351.78,,,60372974003016
12700559,,,,3.0,4.0,,8,3.0,,,2905.0,2905,,,,,06037,,3,,,,2,33728607,-118324350,7210.0,,,,,,0100,261,LAR1,060372974.003008,12447,3101,54300,96222,0.0,,,,1,,,1966.0,,,284771.0,1139086.0,2016,854315.0,13949.76,,,60372974003008
12700635,,,,2.0,3.0,,7,2.0,,,2277.0,2277,,,,,06037,,2,,,,2,34033967,-118312894,147853.0,,,,,,010C,266,LARD6,060372214.011003,12447,3101,54300,96222,0.0,,,,1,,,1984.0,,,252331.0,420543.0,2016,168212.0,5431.51,,,60372974002005
12700735,,,,2.0,1.0,,6,2.0,,,875.0,875,,,,,06037,,2,,,,7,34033956,-118315026,85498.0,1,,,,1,010E,266,LAR1,060372214.011004,12447,3101,54300,96222,0.0,,,,1,,,1969.0,,,164169.0,216003.0,2016,51834.0,2763.63,,,60372974002005
12700996,,,,2.0,3.0,,8,2.0,,,1598.0,1598,,,,,06037,,2,,,,2,33719445,-118320100,7306.0,,,,,,0100,261,LAR1,060372974.002000,12447,3101,54300,96222,0.0,,,,1,,,1957.0,,,245589.0,1018587.0,2016,772998.0,12453.63,,,60372974002000
12701288,,,,1.0,3.0,,6,1.0,,,2126.0,2126,,,,,06037,,1,,,,2,33724248,-118323730,15190.0,,,,,,0100,261,LAR1,060372974.002005,12447,3101,54300,96222,0.0,,,,1,,,1958.0,,,67080.0,113035.0,2016,45955.0,1717.0,,,60372974002005
12701741,,,,3.0,4.0,,8,3.0,,,2435.0,2435,,,,,06037,,3,,,,2,33735714,-118342498,13771.0,,,,,,0100,261,RPRS13000*,060376706.021008,54053,3101,,96122,0.0,,,,1,,,1965.0,,,367119.0,917798.0,2016,550679.0,10643.39,,,60376706021008
12702191,1,,,3.0,5.0,,7,3.0,,,3198.0,3198,,,,,06037,,3,,,,2,33743875,-118326069,14680.0,1,,,,1,0100,261,RPRS20000*,060376707.024002,54053,3101,,96122,0.0,,,,1,,,1969.0,,,326000.0,1475000.0,2016,1149000.0,16598.35,,,60376707024002
12702329,,,,3.0,5.0,,7,3.0,,,3192.0,3192,,,,,06037,,3,,,,2,33743850,-118328136,13348.0,,,,,,0100,261,RPRS20000*,060376707.024002,54053,3101,,96122,0.0,,,,1,,,1967.0,,,424990.0,931822.0,2016,506832.0,10744.65,,,60376707024002
12702536,,,,4.0,7.0,,7,4.0,,,3630.0,3630,,,,,06037,,4,,,,2,33740219,-118328603,19927.0,1,,,,1,0101,261,RPRS20000*,060376707.024002,54053,3101,,96122,0.0,,,,1,,,1961.0,,,376284.0,1441246.0,2016,1064962.0,15984.85,,,60376707024002
12703011,,,,3.0,4.0,,9,3.0,,,3061.0,3061,,,,,06037,,3,,,,2,33757746,-118341729,134609.0,1,,,,1,0101,261,RHRAS2,060376705.001016,6822,3101,,96121,0.0,,,,1,,,1961.0,,,173683.0,340176.0,2016,166493.0,5046.08,,,60376705001016
12703256,,,,3.0,4.0,,9,3.0,,,3096.0,3096,,,,,06037,,3,,,,2,33766927,-118332275,20574.0,,,,,,0100,261,RPRS20000&,060376707.021013,54053,3101,,96122,0.0,,,,1,,,1965.0,,,153858.0,220110.0,2016,66252.0,2986.16,,,60376707021013
12703662,,,,4.0,4.0,,11,4.0,,,3732.0,3732,,,,,06037,,4,,,,2,33761590,-118355707,112734.0,1,,,,1,0103,261,RHRAS2,060376705.001010,6822,3101,,96121,0.0,,,,1,,,1967.0,,,948880.0,2906965.0,2016,1958085.0,32784.5,,,60376705001010
12703900,,,,3.0,4.0,,8,3.0,,,2495.0,2495,,,,,06037,,3,,,,2,33777592,-118350602,12689.0,1,,,,1,0101,261,LCRA20000*,060376702.011008,33312,3101,,96121,0.0,,,,1,,,1954.0,,,672165.0,1734519.0,2016,1062354.0,19306.8,,,60376702011008
12704256,,,,2.0,3.0,,7,2.0,,,2207.0,2207,,,,,06037,,2,,,,2,33746116,-118371815,25346.0,,,,,,0100,261,RPRS20000&,060376706.023029,54053,3101,,96122,0.0,,,,1,,,1950.0,,,53519.0,105603.0,2016,52084.0,2627.8,,,60376706023029
12704408,,,,3.0,3.0,,7,3.0,,,2282.0,2282,,,,,06037,,3,,,,2,33747563,-118404444,264946.0,,,,,,010C,266,RPCN*,060376706.022020,54053,3101,,96122,0.0,,,,1,,,1989.0,,,235254.0,664743.0,2016,429489.0,7830.09,,,60376706022020
12704668,,,,2.0,2.0,,7,2.0,,,1736.0,1736,,,,,06037,,2,,,,2,33741900,-118389000,753134.0,1,,,,1,010C,266,RPRS10000*,060376706.022004,54053,3101,,96122,0.0,,,,1,,,1964.0,,,76813.0,113651.0,2016,36838.0,1982.48,,,60376706022004
12705064,,,,5.0,4.0,,11,5.0,,,4645.0,4645,,,,,06037,,5,,,,2,33741051,-118390858,4718.0,,,,,,010D,269,RPRS1*,060376706.022002,54053,3101,,96122,0.0,,,,1,,,1984.0,,,738533.0,1515162.0,2016,776629.0,17029.41,,,60376706022002
12705087,,,,3.0,3.0,,7,3.0,,,2712.0,2712,,,,,06037,,3,,,,2,33743006,-118393468,4412.0,,,,,,010D,269,RPRS10000*,060376706.022000,54053,3101,,96122,0.0,,,,1,,,1990.0,,,218744.0,319999.0,2016,101255.0,4172.69,,,60376706022000
12705440,,,,3.0,5.0,,7,3.0,,,2468.0,2468,,,,,06037,,3,,,,2,33763730,-118375692,9262.0,,,,,,0100,261,RPRS10000*,060376704.051024,54053,3101,,96122,0.0,,,,1,,,1963.0,,,202084.0,764120.0,2016,562036.0,8914.65,,,60376704051024
12705540,,,,4.0,5.0,,7,4.0,,,2346.0,2346,,,,,06037,,4,,,,2,33764539,-118379613,9011.0,,,,,,0100,261,RERA10000*,060376704.061005,33727,3101,,96122,0.0,,,,1,,,1967.0,,,92968.0,142033.0,2016,49065.0,1882.4,,,60376704061005
12705732,,,,3.0,4.0,,9,3.0,,,3033.0,3033,,,,,06037,,3,,,,2,33763659,-118367053,20420.0,,,,,,0100,261,RPRS20000*,060376704.051017,54053,3101,,96122,0.0,,,,1,,,1960.0,,,470300.0,1693000.0,2016,1222700.0,18950.68,,,60376704051017
12705855,,,,3.0,4.0,,7,3.0,,,2569.0,2569,,,,,06037,,3,,,,2,33782271,-118365423,7157.0,,,,,,0100,261,RPRS10000*,060376704.031002,54053,3101,,96122,0.0,,,,1,,,1967.0,,,111608.0,171025.0,2016,59417.0,2208.01,,,60376704031002
12706024,,,,3.0,3.0,,8,3.0,,,2709.0,2709,,,,,06037,,3,,,,2,33782300,-118363599,36916.0,1,,,,1,0101,261,RERA15000*,060376702.021023,33727,3101,,96121,0.0,,,,1,,,1959.0,,,344600.0,1530000.0,2016,1185400.0,17077.21,,,60376702021023
12706262,,,,2.0,3.0,,7,2.0,,,2063.0,2063,,,,,06037,,2,,,,2,33782334,-118354235,8887.0,,,,,,0100,261,LCRA15000*,060376702.011015,33312,3101,,96121,0.0,,,,1,,,1972.0,,,185889.0,929657.0,2016,743768.0,10722.2,,,60376702011015
12706485,,,,2.0,4.0,,8,2.0,,,1596.0,1596,,,,,06037,,2,,,,2,33790304,-118367381,9673.0,,,,,,0100,261,RERA10000*,060376702.021035,33727,3101,,96121,0.0,,,,1,,,1956.0,,,123644.0,296993.0,2016,173349.0,4025.35,,,60376702021035
12706585,,,,2.0,3.0,,8,2.0,,,1595.0,1595,,,,,06037,,2,,,,2,33788496,-118368709,13270.0,,,,,,0100,261,RERA10000*,060376702.021036,33727,3101,,96121,0.0,,,,1,,,1956.0,,,192397.0,962001.0,2016,769604.0,10984.2,,,60376702021036
12706685,,,,4.0,5.0,,8,4.0,,,3013.0,3013,,,,,06037,,4,,,,2,33789211,-118362304,8601.0,,,,,,0100,261,RERA10000*,060376702.021032,33727,3101,,96121,0.0,,,,1,,,1956.0,,,350434.0,1282476.0,2016,932042.0,14502.32,,,60376702021032
12706808,,,,2.0,3.0,,8,2.0,,,1994.0,1994,,,,,06037,,2,,,,2,33786441,-118367840,8107.0,,,,,,0100,261,RERA10000*,060376702.021032,33727,3101,,96121,0.0,,,,1,,,1957.0,,,132426.0,662149.0,2016,529723.0,7790.91,,,60376702021032
12706977,1,,,3.0,5.0,,7,3.0,,,2859.0,2859,,,,,06037,,3,,,,2,33786675,-118375055,14729.0,1,,,,1,0101,261,RPRS8000*,060376704.112016,54053,3101,,96122,0.0,,,,1,,,1956.0,,,257881.0,962881.0,2016,705000.0,11067.55,,,60376704112016
12707100,,,,2.0,3.0,,8,2.0,,,1662.0,1662,,,,,06037,,2,,,,2,33783607,-118377499,9443.0,,,,,,0100,261,RPRS8000*,060376704.112024,54053,3101,,96122,0.0,,,,1,,,1958.0,,,52790.0,110546.0,2016,57756.0,1914.18,,,60376704112024
12707200,,,,2.0,4.0,,8,2.0,,,1659.0,1659,,,,,06037,,2,,,,2,33782264,-118374090,7943.0,,,,,,0100,261,RPRS8000*,060376704.112022,54053,3101,,96122,0.0,,,,1,,,1958.0,,,103338.0,270085.0,2016,166747.0,3599.73,,,60376704112022
12707300,,,,2.0,3.0,,8,2.0,,,2082.0,2082,,,,,06037,,2,,,,2,33777988,-118376658,12477.0,,,,,,0100,261,RPRS8000*,060376704.111007,54053,3101,,96122,0.0,,,,1,,,1958.0,,,62939.0,127122.0,2016,64183.0,2121.53,,,60376704111007
12707461,,,,2.0,4.0,,8,2.0,,,1682.0,1682,,,,,06037,,2,,,,2,33784951,-118378262,13127.0,,,,,,0100,261,RPRS8000*,060376704.111000,54053,3101,,96122,0.0,,,,1,,,1957.0,,,52166.0,95223.0,2016,43057.0,1769.22,,,60376704111000
12707807,,,,3.0,4.0,,9,3.0,,,3202.0,3202,,,,,06037,,3,,,,2,33788161,-118383426,9731.0,,,,,,0100,261,RPRS8000*,060376704.111000,54053,3101,,96122,0.0,,,,1,,,1970.0,,,213482.0,790251.0,2016,576769.0,9203.79,,,60376704111000
12707930,,,,3.0,3.0,,8,3.0,,,1940.0,1940,,,,,06037,,3,,,,2,33782904,-118385668,9336.0,1,,,,1,0101,261,RPRS8000*,060376704.111019,54053,3101,,96122,0.0,,,,1,,,1960.0,,,132673.0,626887.0,2016,494214.0,7412.64,,,60376704111019
12708291,,,,3.0,4.0,,9,3.0,,,2577.0,2577,,,,,06037,,3,,,,2,33754953,-118394194,15474.0,1,,,,1,0101,261,RPRS20000*,060376706.023006,54053,3101,,96122,0.0,,,,1,,,1976.0,,,284700.0,476790.0,2016,192090.0,5890.41,,,60376706023006
12708414,1,,,3.0,3.0,,11,3.0,,,3365.0,3365,,,,,06037,,3,,,,2,33757936,-118382000,16490.0,,,,,,0100,261,RPOH-RS1*,060376706.023006,54053,3101,,96122,0.0,,,,1,,,1999.0,,,473700.0,2175000.0,2016,1701300.0,23982.42,,,60376706023006
12708437,1,,,4.0,4.0,,11,4.0,,,3727.0,3727,,,,,06037,,4,,,,2,33757686,-118383075,16667.0,,,,,,0100,261,RPOH-RS1*,060376706.023006,54053,3101,,96122,0.0,,,,1,,,1999.0,,,382356.0,1177593.0,2016,795237.0,13060.76,,,60376706023006
12708460,1,,,5.0,3.0,,12,5.0,,,6480.0,6480,,,,,06037,,5,,,,2,33754757,-118386695,21730.0,1,,,,1,0101,261,RPRS20000*,060376706.023006,54053,3101,,96122,0.0,,,,1,,,1985.0,,,1167143.0,3713639.0,2016,2546496.0,40555.05,,,60376706023006
12708483,,,,4.0,3.0,,11,4.0,,,3769.0,3769,,,,,06037,,4,,,,2,33757414,-118379169,20350.0,1,,,,1,0101,261,RPRS20000*,060376706.023006,54053,3101,,96122,0.0,,,,1,,,1980.0,,,596136.0,1466317.0,2016,870181.0,16558.31,,,60376706023006
12708690,1,,,5.0,4.0,,11,5.0,,,3966.0,3966,,,,,06037,,5,,,,2,33760189,-118364661,13471.0,,,,,,0100,261,RPRS20000-,060376706.023000,6822,3101,,96122,0.0,,,,1,,,1985.0,,,317961.0,1158323.0,2016,840362.0,12795.08,,,60376706023000
12708911,,,,2.0,4.0,,8,2.0,,,1834.0,1834,,,,,06037,,2,,,,2,33752766,-118408132,10412.0,1,,,,1,0101,261,RPRS10000*,060376704.161016,54053,3101,,96122,0.0,,,,1,,,1959.0,,,76194.0,133537.0,2016,57343.0,2194.31,,,60376704161016
12709011,,,,3.0,4.0,,7,3.0,,,2478.0,2478,,,,,06037,,3,,,,2,33752958,-118405282,8310.0,,,,,,0100,261,RPRS10000*,060376704.161024,54053,3101,,96122,0.0,,,,1,,,1969.0,,,252670.0,1263351.0,2016,1010681.0,14291.34,,,60376704161024
12709134,,,,2.0,3.0,,8,2.0,,,1864.0,1864,,,,,06037,,2,,,,2,33758147,-118409567,10072.0,,,,,,0100,261,RPRS10000*,060376704.161016,54053,3101,,96122,0.0,,,,1,,,1961.0,,,69773.0,127116.0,2016,57343.0,1722.72,,,60376704161016
12709341,,,,3.0,5.0,,8,3.0,,,3520.0,3520,,,,,06037,,3,,,,2,33759813,-118406928,6777.0,1,,,,1,0104,261,RPRS10000*,060376704.161005,54053,3101,,96122,0.0,,,,1,,,1966.0,,,256570.0,899751.0,2016,643181.0,10466.69,,,60376704161005
12709946,,,,3.0,5.0,,8,3.0,,,2351.0,2351,,,,,06037,,3,,,,2,33775042,-118395488,7242.0,,,,,,0100,261,RPRS10000*,060376704.131020,54053,3101,,96122,0.0,,,,1,,,1964.0,,,218089.0,692757.0,2016,474668.0,8120.21,,,60376704131020
12710046,,,,3.0,4.0,,8,3.0,,,2462.0,2462,,,,,06037,,3,,,,2,33769408,-118397733,12284.0,,,,,,0100,261,RPRS10000*,060376704.132009,54053,3101,,96122,0.0,,,,1,,,1963.0,,,127834.0,727398.0,2016,599564.0,8539.49,,,60376704132009
12710384,,,,3.0,4.0,,7,3.0,,,2579.0,2579,,,,,06037,,3,,,,2,33766353,-118399084,6755.0,,,,,,0100,261,RPRS10000*,060376704.132010,54053,3101,,96122,0.0,,,,1,,,1972.0,,,207647.0,316919.0,2016,109272.0,4231.32,,,60376704132010
12710730,,,,2.0,3.0,,8,2.0,,,1918.0,1918,,,,,06037,,2,,,,2,33779374,-118401260,7565.0,,,,,,0100,261,RPRS10000*,060376704.131002,54053,3101,,96122,0.0,,,,1,,,1962.0,,,103838.0,519222.0,2016,415384.0,6333.65,,,60376704131002
12710830,1,,,2.0,4.0,,8,2.0,,,2159.0,2159,,,,,06037,,2,,,,2,33779081,-118391499,10521.0,,,,,,0100,261,RPRS10000*,060376704.131014,54053,3101,,96122,0.0,,,,1,,,1962.0,,,212121.0,1060613.0,2016,848492.0,12031.86,,,60376704131014
12710953,,,,2.0,4.0,,8,2.0,,,2043.0,2043,,,,,06037,,2,,,,2,33777462,-118395295,7896.0,,,,,,0100,261,RPRS10000*,060376704.131010,54053,3101,,96122,0.0,,,,1,,,1963.0,,,214217.0,1071088.0,2016,856871.0,12130.12,,,60376704131010
12711053,,,,2.0,4.0,,8,2.0,,,1816.0,1816,,,,,06037,,2,,,,2,33780735,-118393968,7170.0,,,,,,0100,261,RPRS10000*,060376704.131012,54053,3101,,96122,0.0,,,,1,,,1962.0,,,101279.0,333875.0,2016,232596.0,4357.81,,,60376704131012
12711153,1,,,3.0,3.0,,8,3.0,,,2217.0,2217,,,,,06037,,3,,,,2,33778119,-118397792,9539.0,,,,,,0100,261,RPRS10000*,060376704.131009,54053,3101,,96122,0.0,,,,1,,,1964.0,,,167218.0,836109.0,2016,668891.0,9722.57,,,60376704131009
12711253,,,,3.0,3.0,,8,3.0,,,2155.0,2155,,,,,06037,,3,,,,2,33777116,-118400759,7606.0,,,,,,0100,261,RPRS10000*,060376704.131004,54053,3101,,96122,0.0,,,,1,,,1962.0,,,94289.0,153706.0,2016,59417.0,2459.69,,,60376704131004
12711353,,,,3.0,3.0,,8,3.0,,,1985.0,1985,,,,,06037,,3,,,,2,33775722,-118388784,8489.0,,,,,,0100,261,RPRS10000*,060376704.073002,54053,3101,,96122,0.0,,,,1,,,1972.0,,,375000.0,1172000.0,2016,797000.0,13204.18,,,60376704073002
12711476,,,,3.0,3.0,,8,3.0,,,2217.0,2217,,,,,06037,,3,,,,2,33774538,-118385703,8028.0,,,,,,0100,261,RPRS10000*,060376704.073001,54053,3101,,96122,0.0,,,,1,,,1965.0,,,107394.0,186762.0,2016,79368.0,2363.7,,,60376704073001
12711576,,,,3.0,4.0,,7,3.0,,,3206.0,3206,,,,,06037,,3,,,,2,33770146,-118386402,9036.0,,,,,,0100,261,RPRS10000*,060376704.073003,54053,3101,,96122,0.0,,,,1,,,1966.0,,,354023.0,796295.0,2016,442272.0,9288.07,,,60376704073003
12711699,1,,,3.0,3.0,,11,3.0,,,2385.0,2385,,,,,06037,,3,,,,2,33767710,-118385066,14573.0,1,,,,1,0104,261,RERPD2U*,060376704.061001,33727,3101,,96121,0.0,,,,1,,,1979.0,,,420040.0,700061.0,2016,280021.0,8241.82,,,60376704061001
12711745,1,,,5.0,6.0,,11,5.0,,,4651.0,4651,,,,,06037,,5,,,,2,33769583,-118382722,10053.0,1,,,,1,0101,261,RPRS10000*,060376704.073004,54053,3101,,96122,0.0,,,,1,,,1995.0,,,871570.0,1495028.0,2016,623458.0,16778.94,,,60376704073004
12712788,,,,2.0,4.0,,8,2.0,,,1556.0,1556,,,,,06037,,2,,,,2,33773831,-118369575,7052.0,,,,,,0100,261,RPRS8000*,060376704.031013,54053,3101,,96122,0.0,,,,1,,,1959.0,,,221324.0,1106622.0,2016,885298.0,12580.94,,,60376704031013
12712888,,,,2.0,3.0,,8,2.0,,,1395.0,1395,,,,,06037,,2,,,,2,33774007,-118371543,7293.0,,,,,,0100,261,RPRS8000*,060376704.031007,54053,3101,,96122,0.0,,,,1,,,1959.0,,,193530.0,967659.0,2016,774129.0,11100.38,,,60376704031007
12713402,1,,,3.0,2.0,,7,3.0,,,1912.0,1912,,,,,06037,,3,,,,2,33776720,-118390455,753676.0,1,,,,1,010C,266,RPRM5400*,060376704.072008,54053,3101,,96122,0.0,,,,1,,,1976.0,,,153185.0,309302.0,2016,156117.0,4068.59,,,60376704072007
12713502,,,,3.0,3.0,,7,3.0,,,2071.0,2071,,,,,06037,,3,,,,2,33777406,-118387861,520034.0,1,,,,1,010D,269,RPRM5400*,060376704.071014,54053,3101,,96122,0.0,,,,1,,,1975.0,,,257086.0,400076.0,2016,142990.0,5026.06,,,60376704071014
12713825,,,,3.0,2.0,,8,3.0,,,1079.0,1079,,,,,06037,,3,,,,2,33777746,-118384763,272623.0,1,,,,1,010D,269,RPRM5400*,060376704.071006,54053,3101,,96122,0.0,,,,1,,,1974.0,,,38909.0,74297.0,2016,35388.0,1043.6,,,60376704071006
12713925,,,,3.0,3.0,,8,3.0,,,1595.0,1595,,,,,06037,,3,,,,2,33775797,-118385973,419781.0,1,,,,1,010D,269,RPRM5400*,060376704.072001,54053,3101,,96122,0.0,,,,1,,,1974.0,,,227869.0,380755.0,2016,152886.0,4731.92,,,60376704072001
12714048,,,,2.0,2.0,,8,2.0,,,1249.0,1249,,,,,06037,,2,,,,2,33775600,-118384000,43075.0,1,,,,1,010C,266,RPRM2000*,060376704.072001,54053,3101,,96122,0.0,,,,1,,,1974.0,,,82833.0,166424.0,2016,83591.0,2410.09,,,60376704072001
12714171,,,,2.0,2.0,,6,2.0,,,1071.0,1071,,,,,06037,,2,,,,,33772500,-118383000,215359.0,1,,,,1,010C,266,RPRS10000*,060376704.072011,54053,3101,,96122,0.0,,,,1,,,1969.0,,,211477.0,331379.0,2016,119902.0,4181.12,,,60376704072011
12714485,,,,3.0,3.0,,7,3.0,,,2045.0,2045,,,,,06037,,3,,,,2,33757228,-118403288,13850.0,,,,,,0100,261,RPRAIA,060376704.162015,54053,3101,,96122,0.0,,,,1,,,1973.0,,,222189.0,1110958.0,2016,888769.0,12604.55,,,60376704162015
12714585,,,,4.0,5.0,,11,4.0,,,3673.0,3673,,,,,06037,,4,,,,2,33760755,-118398240,15505.0,,,,,,0100,261,RPRAIA,060376704.162003,54053,3101,,96122,0.0,,,,1,,,1968.0,,,310666.0,1553332.0,2016,1242666.0,17451.31,,,60376704162003
12715217,1,,,3.0,3.0,,7,3.0,,,2184.0,2184,,,,,06037,,3,,,,2,33774058,-118378656,1943.0,1,,,,1,010D,269,RERPD6U*,060376704.051000,33727,3101,,96121,0.0,,,,1,,,1974.0,,,86473.0,131554.0,2016,45081.0,2104.77,,,60376704051000
12715240,1,,,3.0,3.0,,7,3.0,,,2184.0,2184,,,,,06037,,3,,,,2,33772035,-118376647,2025.0,1,,,,1,010D,269,RERPD6U*,060376704.051000,33727,3101,,96121,0.0,,,,1,,,1974.0,,,338179.0,923876.0,2016,585697.0,10540.88,,,60376704051000
12715363,,,,3.0,3.0,,7,3.0,,,1988.0,1988,,,,,06037,,3,,,,2,33771227,-118378777,1358.0,1,,,,1,010D,269,RERPD6U*,060376704.051003,33727,3101,,96121,0.0,,,,1,,,1976.0,,,154553.0,234155.0,2016,79602.0,2787.78,,,60376704051003
12715463,1,,,3.0,3.0,,7,3.0,,,2184.0,2184,,,,,06037,,3,,,,2,33771102,-118379888,1943.0,1,,,,1,010D,269,RERPD6U*,060376704.051007,33727,3101,,96121,0.0,,,,1,,,1977.0,,,249582.0,592146.0,2016,342564.0,7011.54,,,60376704051007
12715570,,,,2.0,3.0,,9,2.0,,,1913.0,1913,,,,,06037,,2,,,,2,33777539,-118383345,1218.0,1,,,,1,010D,269,RPRM5400*,060376704.071001,54053,3101,,96122,0.0,,,,1,,,1979.0,,,313400.0,930000.0,2016,616600.0,10576.13,,,60376704071001
12715670,1,,,2.0,4.0,,6,2.0,,,1637.0,1637,,,,,06037,,2,,,,2,33960297,-118084660,4496.0,,,,,,0100,261,SSR3PD*,060375027.001017,13716,3101,,96201,0.0,,,,1,,,1972.0,,,198440.0,414744.0,2016,216304.0,5420.77,,,60375027001017
12716108,,,,1.0,3.0,,4,1.0,,,1014.0,1014,,,,,06037,,1,,,,7,33953491,-118076443,6472.0,,,,,,0100,261,SSR1YY,060375027.005015,13716,3101,,96201,0.0,,,,1,,,1950.0,,,50267.0,225480.0,2016,175213.0,3121.71,,,60375027005015
12716944,,,,1.0,3.0,,4,1.0,,,1080.0,1080,,,,,06037,,1,,,,7,33953463,-118083405,6519.0,,,,,,0100,261,SSR1YY,060375027.004004,13716,3101,,96201,0.0,,,,1,,,1950.0,,,99442.0,299401.0,2016,199959.0,4127.59,,,60375027004004
12717413,,,,1.0,2.0,,4,1.0,,,795.0,795,,,,,06037,,1,,,,7,33951270,-118089383,4992.0,,,,,,0100,261,SSR1YY,060375027.001012,13716,3101,,96201,0.0,,,,1,,,1950.0,,,39015.0,73535.0,2016,34520.0,1471.93,,,60375027001012
12717612,1,,,3.0,3.0,,8,3.0,,,1363.0,1363,,,,,06037,,3,,,,2,33947445,-118090414,1508.0,1,,,,1,010D,269,SSR3PD*,060375028.011019,13716,3101,,96201,0.0,,,,1,,,1979.0,,,190165.0,239885.0,2016,49720.0,3388.48,,,60375028011019
12717704,,,,3.0,3.0,,6,3.0,,,1647.0,1647,,,,,06037,,3,,,,2,33946701,-118092119,5224.0,1,,,,1,0104,261,SSR1*,060375028.011013,13716,3101,,96201,0.0,,,,1,,,1971.0,,,152407.0,383122.0,2016,230715.0,5040.94,,,60375028011013
12717819,,,,2.0,3.0,,6,2.0,,,1454.0,1454,,,,,06037,,2,,,,7,33941644,-118092974,5681.0,,,,,,0100,261,SSR1YY,060375028.012005,13716,3101,,96201,0.0,,,,1,,,1952.0,,,96823.0,231535.0,2016,134712.0,3346.6,,,60375028012005
12718088,,,,2.0,3.0,,6,2.0,,,1863.0,1863,,,,,06037,,2,,,,7,33940171,-118092147,5484.0,,,,,,0100,261,SSR1*,060375028.012008,13716,3101,,96201,0.0,,,,1,,,1951.0,,,147800.0,445000.0,2016,297200.0,5773.58,,,60375028012008
12718211,,,,2.0,2.0,,4,2.0,,,1212.0,1212,,,,,06037,,2,,,,7,33935719,-118090782,4966.0,,,,,,0100,261,SSR1YY,060375028.012005,13716,3101,,96201,0.0,,,,1,,,1953.0,,,135000.0,455000.0,2016,320000.0,5942.09,,,60375028012005
12718234,1,,,2.0,2.0,,6,2.0,,,1474.0,1474,,,,,06037,,2,,,,2,33938377,-118092657,4802.0,,,,,,0100,261,SSR1*,060375028.012005,13716,3101,,96201,0.0,,,,1,,,1952.0,,,110000.0,221747.0,2016,111747.0,3102.02,,,60375028012005
12718357,1,,,3.0,3.0,,8,3.0,,,1450.0,1450,,,,,06037,,3,,,,2,33947060,-118089145,1374.0,,,,,,010D,269,SSC4-BP*,060375028.011007,13716,3101,,96201,0.0,,,,1,,,1994.0,,,113612.0,359101.0,2016,245489.0,4444.05,,,60375028011007
12720125,,,,1.0,2.0,,4,1.0,,,788.0,788,,,,,06037,,1,,,,7,33929728,-118077562,5522.0,,,,,,0100,261,NOR1YY,060375501.001005,53636,3101,,96193,0.0,,,,1,,,1949.0,,,71117.0,355596.0,2016,284479.0,4610.76,,,60375501001005
12720471,,,,2.0,3.0,,4,2.0,,,1039.0,1039,,,,,06037,,2,,,,7,33926042,-118078501,5065.0,,,,,,0100,261,NOR1YY,060375501.003005,53636,3101,,96193,0.0,,,,1,,,1949.0,,,101000.0,403000.0,2016,302000.0,5091.22,Y,9,60375501003005
12720571,1,,,2.0,3.0,,6,2.0,,,1254.0,1254,,,,,06037,,2,,,,2,33929057,-118073193,5084.0,,,,,,0100,261,NOR1*,060375501.002001,53636,3101,,96193,0.0,,,,1,,,1949.0,,,122426.0,269311.0,2016,146885.0,3539.19,,,60375501002001
12720978,,,,1.0,3.0,,4,1.0,,,1060.0,1060,,,,,06037,,1,,,,7,33932805,-118083809,5364.0,,,,,,0100,261,NOR1*,060375502.011007,53636,3101,,96193,0.0,,,,1,,,1955.0,,,29253.0,43722.0,2016,14469.0,852.2,,,60375502011007
12721278,,,,2.0,4.0,,4,2.0,,,1744.0,1744,,,,,06037,,2,,,,7,33927831,-118083275,5385.0,,,,,,0100,261,NOR1YY,060375502.012002,53636,3101,,96193,0.0,,,,1,,,1955.0,,,102663.0,171612.0,2016,68949.0,2374.49,,,60375502012002
12721439,1,,,2.0,3.0,,8,2.0,,,1548.0,1548,,,,,06037,,2,,,,2,33922431,-118081543,10682.0,,,,,,0100,261,NOR1YY,060375502.012001,53636,3101,,96193,0.0,,,,1,,,2002.0,,,152927.0,311972.0,2016,159045.0,4076.46,,,60375502012001
12721616,,,,1.0,3.0,,4,1.0,,,1044.0,1044,,,,,06037,,1,,,,7,33933194,-118085278,5197.0,,,,,,0100,261,SSR1YY,060375028.013001,13716,3101,,96201,0.0,,,,1,,,1953.0,,,28767.0,50484.0,2016,21717.0,1213.44,,,60375028013001
12721778,,,,2.0,4.0,,6,2.0,,,1209.0,1209,,,,,06037,,2,,,,2,33928368,-118087833,4912.0,,,,,,0100,261,NOR15000*,060375502.022000,53636,3101,,96193,0.0,,,,1,,,1970.0,,,104877.0,189633.0,2016,84756.0,2607.39,,,60375502022000
12721955,,,,1.0,3.0,,4,1.0,,,954.0,954,,,,,06037,,1,,,,7,33924827,-118086399,5469.0,,,,,,0100,261,NOR1YY,060375502.023000,53636,3101,,96193,0.0,,,,1,,,1950.0,,,73000.0,364000.0,2016,291000.0,4715.76,Y,8,60375502023000
12722063,,,,1.0,2.0,,4,1.0,,,1020.0,1020,,,,,06037,,1,,,,7,33932796,-118098047,5501.0,,,,,,0100,261,DOR105,060375504.001042,4406,3101,,96101,0.0,,,,1,,,1951.0,,,163558.0,341292.0,2016,177734.0,4244.71,,,60375504001042
12722186,,,,1.0,3.0,,4,1.0,,,1225.0,1225,,,,,06037,,1,,,,7,33932911,-118094262,5382.0,,,,,,0100,261,DOR105,060375504.001037,4406,3101,,96101,0.0,,,,1,,,1953.0,,,89000.0,400000.0,2016,311000.0,4938.59,,,60375504001037
12722286,,,,2.0,3.0,,6,2.0,,,1210.0,1210,,,,,06037,,2,,,,7,33931692,-118098041,5305.0,,,,,,0100,261,NOR1YY,060375503.003005,53636,3101,,96193,0.0,,,,1,,,1951.0,,,129179.0,331615.0,2016,202436.0,4347.15,,,60375503003005
12722386,,,,1.0,3.0,,4,1.0,,,995.0,995,,,,,06037,,1,,,,7,33929848,-118095964,5431.0,1,,,,1,0101,261,NOR1YY,060375503.003009,53636,3101,,96193,0.0,,,,1,,,1951.0,,,110101.0,273653.0,2016,163552.0,3662.4,,,60375503003009
12722486,1,,,2.0,3.0,,6,2.0,,,2328.0,2328,,,,,06037,,2,,,,2,33928714,-118091138,6832.0,,,,,,0100,261,NOR1YY,060375503.001009,53636,3101,,96193,0.0,,,,1,,,1990.0,,,191611.0,374483.0,2016,182872.0,4902.09,,,60375503001009
12722586,,,,2.0,4.0,,6,2.0,,,1470.0,1470,,,,,06037,,2,,,,7,33930530,-118091814,6873.0,,,,,,0100,261,NOR1*,060375503.001004,53636,3101,,96193,0.0,,,,1,,,1950.0,,,40618.0,58818.0,2016,18200.0,1051.55,,,60375503001004
12722801,,,,2.0,5.0,,6,2.0,,,1926.0,1926,,,,,06037,,2,,,,7,33932213,-118103682,7452.0,1,,,,1,0101,261,DOR105,060375504.001019,4406,3101,,96101,0.0,,,,1,,,1950.0,,,88666.0,115041.0,2016,26375.0,1605.32,,,60375504001019
12722824,,,,2.0,4.0,,6,2.0,,,1569.0,1569,,,,,06037,,2,,,,7,33932734,-118098728,6048.0,,,,,,0100,261,DOR105,060375504.001040,4406,3101,,96101,0.0,,,,1,,,1950.0,,,133897.0,292377.0,2016,158480.0,3782.52,,,60375504001040
12722893,,,,1.0,3.0,,4,1.0,,,898.0,898,,,,,06037,,1,,,,7,33928650,-118099762,7120.0,,,,,,0100,261,NOR105,060375503.004003,53636,3101,,96193,0.0,,,,1,,,1952.0,,,131588.0,345354.0,2016,213766.0,4421.14,,,60375503004003
12723062,1,,,2.0,3.0,,6,2.0,,,1820.0,1820,,,,,06037,,2,,,,2,33932553,-118102302,6853.0,,,,,,0100,261,DOR15000*,060375504.001048,4406,3101,,96101,0.0,,,,1,,,1950.0,,,109642.0,159371.0,2016,49729.0,2163.25,,,60375504001048
12723404,,,,1.0,2.0,,4,1.0,,,1360.0,1360,,,,,06037,,1,,,,7,33920752,-118106666,11201.0,,,,,,0100,261,NOR15000*,060375503.007013,53636,3101,,96193,0.0,,,,1,,,1949.0,,,61978.0,276328.0,2016,214350.0,3652.76,,,60375503007013
12723634,,,,1.0,3.0,,5,1.0,,,960.0,960,,,,,06037,,1,,,,7,33919006,-118108509,5665.0,,,,,,0100,261,NOR105,060375503.006007,53636,3101,,96193,0.0,,,,1,,,1953.0,,,74000.0,373000.0,2016,299000.0,4755.29,,,60375503006007
12724518,,,,1.0,3.0,,4,1.0,,,1058.0,1058,,,,,06037,,1,,,,7,33919357,-118089895,5770.0,,,,,,0100,261,NOR105,060375502.021002,53636,3101,,96193,0.0,,,,1,,,1952.0,,,69197.0,171964.0,2016,102767.0,2773.14,,,60375502021002
12724594,1,,,3.0,3.0,,6,3.0,,,2472.0,2472,,,,,06037,,3,,,,2,33918283,-118097390,4969.0,,,,,,0100,261,NOR105,060375502.021008,53636,3101,,96193,0.0,,,,1,,,1954.0,,,241414.0,403446.0,2016,162032.0,5176.92,,,60375502021008
12724963,1,,,1.0,3.0,,6,1.0,,,1139.0,1139,,,,,06037,,1,,,,2,33918130,-118086395,5553.0,,,,,,0100,261,NOR105,060375502.025001,53636,3101,,96193,0.0,,,,1,,,1955.0,,,100901.0,312067.0,2016,211166.0,4035.26,,,60375502025001
12725040,,,,1.0,3.0,,4,1.0,,,1078.0,1078,,,,,06037,,1,,,,7,33922167,-118083917,5058.0,,,,,,0100,261,NOR105,060375502.022003,53636,3101,,96193,0.0,,,,1,,,1953.0,,,51474.0,116741.0,2016,65267.0,1832.63,,,60375502022003
12725148,,,,2.0,3.0,,6,2.0,,,1298.0,1298,,,,,06037,,2,,,,7,33919093,-118083052,6408.0,,,,,,0100,261,NOR105,060375502.022000,53636,3101,,96193,0.0,,,,1,,,1955.0,,,79733.0,280650.0,2016,200917.0,3677.99,,,60375502022000
12725317,,,,2.0,3.0,,4,2.0,,,1020.0,1020,,,,,06037,,2,,,,7,33922123,-118072539,5566.0,,,,,,0100,261,NOR105,060375501.004014,53636,3101,,96193,0.0,,,,1,,,1952.0,,,54348.0,114122.0,2016,59774.0,1673.23,,,60375501004014
12725417,1,,,1.0,3.0,,4,1.0,,,1192.0,1192,,,,,06037,,1,,,,2,33922162,-118076788,5791.0,1,,,,1,0101,261,NOR15000*,060375501.004006,53636,3101,,96193,0.0,,,,1,,,1949.0,,,89523.0,218492.0,2016,128969.0,2945.25,,,60375501004006
12725617,,,,1.0,3.0,,4,1.0,,,1312.0,1312,,,,,06037,,1,,,,7,33923928,-118080107,5022.0,,,,,,0100,261,NOR15000*,060375501.006009,53636,3101,,96193,0.0,,,,1,,,1949.0,,,147185.0,351730.0,2016,204545.0,4585.36,,,60375501006009
12725679,1,,,2.0,4.0,,6,2.0,,,1688.0,1688,,,,,06037,,2,,,,2,33919542,-118078239,5839.0,,,,,,0100,261,NOR105,060375501.006012,53636,3101,,96193,0.0,,,,1,,,1953.0,,,147034.0,255202.0,2016,108168.0,3478.47,,,60375501006012
12725816,,,,2.0,3.0,,6,2.0,,,1605.0,1605,,,,,06037,,2,,,,7,33918251,-118067519,5226.0,,,,,,0100,261,NOR15000*,060375500.001015,53636,3101,,96193,0.0,,,,1,,,1955.0,,,61842.0,98509.0,2016,36667.0,1561.39,,,60375500001015
12725885,1,,,3.0,4.0,,8,3.0,,,2178.0,2178,,,,,06037,,3,,,,2,33923841,-118069242,5423.0,,,,,,0100,261,NOR15000*,060375501.005000,53636,3101,,96193,0.0,,,,1,,,1955.0,,,206602.0,416667.0,2016,210065.0,5380.94,,,60375501005000
12725985,,,,2.0,3.0,,4,2.0,,,1628.0,1628,,,,,06037,,2,,,,2,33921738,-118068531,5259.0,,,,,,0100,261,NOR105,060375501.005009,53636,3101,,96193,0.0,,,,1,,,1955.0,,,106822.0,315462.0,2016,208640.0,4176.35,,,60375501005009
12726085,,,,1.0,3.0,,4,1.0,,,1111.0,1111,,,,,06037,,1,,,,7,33920303,-118069775,5348.0,,,,,,0100,261,NOR105,060375501.005007,53636,3101,,96193,0.0,,,,1,,,1955.0,,,85500.0,271949.0,2016,186449.0,3761.52,,,60375501005007
12726254,,,,3.0,2.0,,8,3.0,,,1202.0,1202,,,,,06037,,3,,,,2,33917700,-118067000,1098.0,,,,,,010D,269,NOR1-P/O(P,060375500.001026,53636,3101,,96193,0.0,,,,1,,,1988.0,,,129065.0,180738.0,2016,51673.0,2402.87,,,60375500001026
12726459,,,,2.0,2.0,,6,2.0,,,1080.0,1080,,,,,06037,,2,,,,2,33927400,-118048000,128690.0,1,,,,1,010C,266,SSR3PD*,060375030.001001,118225,3101,,96173,0.0,,,,1,,,1985.0,,,115257.0,182039.0,2016,66782.0,2385.84,,,60375030001001
12726520,,,,2.0,3.0,,6,2.0,,,1404.0,1404,,,,,06037,,2,,,,7,33925919,-118048405,12737.0,,,,,,0108,261,LCA1YY,060375030.002003,118225,3101,,96173,0.0,,,,1,,,1937.0,,,80000.0,400000.0,2016,320000.0,5103.37,,,60375030002003
12726589,,,,2.0,3.0,,4,2.0,,,1650.0,1650,,,,,06037,,2,,,,7,33927877,-118052082,10952.0,,,,,,0100,261,LCA1YY,060375030.002001,118225,3101,,96173,0.0,,,,1,,,1933.0,,,27105.0,49653.0,2016,22548.0,1051.68,,,60375030002001
12726612,,,,2.0,3.0,,6,2.0,,,1156.0,1156,,,,,06037,,2,,,,2,33926864,-118052154,5311.0,,,,,,0100,261,LCA1*,060375030.002001,118225,3101,,96173,0.0,,,,1,,,1982.0,,,73936.0,369684.0,2016,295748.0,4708.13,,,60375030002001
12727055,,,,2.0,3.0,,5,2.0,,,1092.0,1092,,,,,06037,,2,,,,7,33920920,-118047369,8530.0,,,,,,0100,261,LCA1*,060375030.003005,118225,3101,,96173,0.0,,,,1,,,1943.0,,,81777.0,327116.0,2016,245339.0,4227.61,Y,12,60375030003005
12727390,,,,1.0,3.0,,4,1.0,,,873.0,873,,,,,06037,,1,,,,7,33924053,-118040585,5542.0,,,,,,0100,261,LCA1YY,060375031.034000,118225,3101,,96173,0.0,,,,1,,,1952.0,,,95002.0,344806.0,2016,249804.0,4327.61,,,60375031034000
12727674,1,,,2.0,4.0,,6,2.0,,,2340.0,2340,,,,,06037,,2,,,,2,33920685,-118041325,8168.0,,,,,,0100,261,LCA1*,060375031.042026,118225,3101,,96173,0.0,,,,1,,,1993.0,,,103553.0,414213.0,2016,310660.0,5199.41,,,60375031042026
12727950,,,,1.0,3.0,,4,1.0,,,1111.0,1111,,,,,06037,,1,,,,7,33919935,-118037521,7096.0,,,,,,0100,261,LCA1YY,060375031.042014,118225,3101,,96173,0.0,,,,1,,,1955.0,,,85000.0,424000.0,2016,339000.0,5263.92,,,60375031042014
12728019,,,,1.0,3.0,,4,1.0,,,1220.0,1220,,,,,06037,,1,,,,7,33917431,-118034683,4913.0,,,,,,0100,261,LCA1*,060375031.051010,118225,3101,,96173,0.0,,,,1,,,1955.0,,,85484.0,386810.0,2016,301326.0,4827.15,,,60375031051010
12728217,,,,2.0,3.0,,6,2.0,,,1457.0,1457,,,,,06037,,2,,,,7,33932614,-118038797,5487.0,,,,,,0100,261,LCR1*,060375031.031008,118225,3101,,96173,0.0,,,,1,,,1950.0,,,104493.0,254447.0,2016,149954.0,3306.41,,,60375031031008
12728340,,,,2.0,5.0,,4,2.0,,,1773.0,1773,,,,,06037,,2,,,,7,33931954,-118042336,9148.0,1,,,,1,0103,261,LCA1YY,060375029.023000,118225,3101,,96173,0.0,,,,1,,,1953.0,,,157172.0,220640.0,2016,63468.0,2936.49,,,60375029023000
12728632,,,,1.0,3.0,,4,1.0,,,1013.0,1013,,,,,06037,,1,,,,7,33928315,-118040833,5468.0,,,,,,0100,261,LCR1YY,060375031.032002,118225,3101,,96173,0.0,,,,1,,,1952.0,,,89843.0,282848.0,2016,193005.0,2800.55,,,60375031032002
12729313,,,,1.0,4.0,,4,1.0,,,1255.0,1255,,,,,06037,,1,,,,7,33926731,-118038241,5050.0,,,,,,0100,261,LCA1*,060375031.032004,118225,3101,,96173,0.0,,,,1,,,1953.0,,,105571.0,279580.0,2016,174009.0,3669.39,,,60375031032004
12729466,1,,,3.0,2.0,,6,3.0,,,1317.0,1317,,,,,06037,,3,,,,2,33923600,-118033000,37603.0,,,,,,010C,266,LCR3*,060375031.052001,118225,3101,,96172,0.0,,,,1,,,1986.0,,,178944.0,210601.0,2016,31657.0,2825.56,,,60375031052001
12729512,,,,3.0,2.0,,6,3.0,,,1461.0,1461,,,,,06037,,3,,,,2,33922600,-118032000,52723.0,1,,,,1,010C,266,LCR3*,060375031.052014,118225,3101,,96172,0.0,,,,1,,,1985.0,,,103283.0,259416.0,2016,156133.0,3395.88,,,60375031052014